"Date","Price","Open","High","Low","Vol.","Change %"
"12/25/2022","26,094.50","26,299.54","26,620.49","25,953.92","2.75B","-0.54%"
"12/18/2022","26,235.25","27,279.92","27,349.58","26,106.38","4.45B","-4.69%"
"12/11/2022","27,527.12","27,741.10","28,195.69","27,488.83","2.91B","-1.34%"
"12/04/2022","27,901.01","27,752.99","27,952.80","27,415.66","3.22B","0.44%"
"11/27/2022","27,777.90","28,220.56","28,423.46","27,662.12","3.87B","-1.79%"
"11/20/2022","28,283.03","27,982.00","28,502.29","27,846.30","2.73B","1.37%"
"11/13/2022","27,899.77","28,277.64","28,305.04","27,743.15","3.53B","-1.29%"
"11/06/2022","28,263.57","27,406.78","28,329.54","27,357.53","4.23B","3.91%"
"10/30/2022","27,199.74","27,404.30","27,692.55","27,032.02","3.41B","0.35%"
"10/23/2022","27,105.20","27,233.00","27,578.05","26,974.90","3.92B","0.80%"
"10/16/2022","26,890.58","26,785.02","27,371.38","26,649.13","3.06B","-0.74%"
"10/09/2022","27,090.76","26,757.12","27,180.16","26,237.42","2.89B","-0.09%"
"10/02/2022","27,116.11","25,778.95","27,399.19","25,621.96","3.77B","4.55%"
"09/25/2022","25,937.21","26,779.44","26,779.44","25,805.59","4.46B","-4.48%"
"09/18/2022","27,153.83","27,788.68","27,907.45","26,955.18","1.88B","-1.50%"
"09/11/2022","27,567.65","28,483.59","28,659.76","27,525.68","3.03B","-2.29%"
"09/04/2022","28,214.75","27,567.29","28,286.02","27,268.70","3.12B","2.04%"
"08/28/2022","27,650.84","28,161.06","28,233.80","27,570.74","3.39B","-3.46%"
"08/21/2022","28,641.38","28,654.07","28,828.21","28,282.21","2.70B","-1.00%"
"08/14/2022","28,930.33","28,623.78","29,222.77","28,623.78","2.66B","1.34%"
"08/07/2022","28,546.98","28,050.09","28,546.98","27,729.46","2.81B","1.32%"
"07/31/2022","28,175.87","27,813.82","28,190.04","27,530.60","3.70B","1.35%"
"07/24/2022","27,801.64","27,697.77","28,015.68","27,525.09","3.10B","-0.40%"
"07/17/2022","27,914.66","27,003.83","27,952.25","26,791.71","2.43B","4.20%"
"07/10/2022","26,788.47","26,892.73","27,062.17","26,278.28","3.13B","1.02%"
"07/03/2022","26,517.19","26,086.78","26,881.75","25,945.83","3.91B","2.24%"
"06/26/2022","25,935.62","26,741.80","27,062.31","25,841.75","4.08B","-2.10%"
"06/19/2022","26,491.97","26,156.62","26,519.16","25,520.23","3.42B","2.04%"
"06/12/2022","25,963.00","27,369.66","27,389.30","25,720.80","4.02B","-6.69%"
"06/05/2022","27,824.29","27,549.64","28,389.75","27,523.95","3.64B","0.23%"
"05/29/2022","27,761.57","27,092.82","27,776.33","27,057.20","4.42B","3.66%"
"05/22/2022","26,781.68","26,991.42","27,047.47","26,578.03","3.39B","0.16%"
"05/15/2022","26,739.03","26,753.37","27,053.18","26,150.09","3.91B","1.18%"
"05/08/2022","26,427.65","26,705.32","26,732.61","25,688.11","4.41B","-2.13%"
"05/01/2022","27,003.56","26,851.10","27,072.59","26,543.29","1.73B","0.58%"
"04/24/2022","26,847.90","26,692.48","26,876.95","26,051.04","3.11B","-0.95%"
"04/17/2022","27,105.26","26,831.45","27,580.64","26,571.38","3.02B","0.04%"
"04/10/2022","27,093.19","26,877.60","27,203.77","26,304.08","3.34B","0.40%"
"04/03/2022","26,985.80","27,685.65","27,965.94","26,764.36","3.32B","-2.46%"
"03/27/2022","27,665.98","28,084.08","28,281.45","27,399.48","3.72B","-1.72%"
"03/20/2022","28,149.84","27,091.32","28,338.81","27,076.33","3.25B","4.93%"
"03/13/2022","26,827.43","25,338.64","26,862.43","25,219.13","4.26B","6.62%"
"03/06/2022","25,162.78","25,634.09","25,720.31","24,681.74","4.96B","-3.17%"
"02/27/2022","25,985.47","26,457.52","27,013.26","25,774.28","4.21B","-1.85%"
"02/20/2022","26,476.50","26,771.58","26,998.47","25,775.64","2.91B","-2.38%"
"02/13/2022","27,122.07","27,305.92","27,486.09","26,724.91","3.51B","-2.07%"
"02/06/2022","27,696.08","27,327.63","27,880.70","27,085.32","3.30B","0.93%"
"01/30/2022","27,439.99","26,690.60","27,564.62","26,541.65","4.05B","2.70%"
"01/23/2022","26,717.34","27,258.45","27,627.60","26,044.52","3.63B","-2.92%"
"01/16/2022","27,522.26","28,332.72","28,690.34","27,129.61","3.57B","-2.14%"
"01/09/2022","28,124.28","28,380.90","28,814.31","27,889.21","2.98B","-1.24%"
"01/02/2022","28,478.56","29,098.41","29,388.16","28,293.70","2.91B","-1.09%"
"12/26/2021","28,791.71","28,786.33","29,121.01","28,579.49","1.70B","0.03%"
"12/19/2021","28,782.59","28,325.46","28,870.13","27,893.18","2.45B","0.83%"
"12/12/2021","28,545.68","28,705.26","29,070.08","28,309.67","3.09B","0.38%"
"12/05/2021","28,437.77","28,069.96","28,908.29","27,693.91","3.30B","1.46%"
"11/28/2021","28,029.57","28,337.96","28,776.34","27,588.61","4.57B","-2.51%"
"11/21/2021","28,751.62","29,618.55","29,806.49","28,605.61","2.52B","-3.34%"
"11/14/2021","29,745.87","29,807.37","29,960.93","29,402.57","3.17B","0.46%"
"11/07/2021","29,609.97","29,735.45","29,750.46","29,040.08","3.26B","-0.01%"
"10/31/2021","29,611.57","29,330.68","29,880.81","29,267.63","3.12B","2.49%"
"10/24/2021","28,892.69","28,527.13","29,160.76","28,472.55","4.53B","0.30%"
"10/17/2021","28,804.85","29,093.82","29,489.11","28,546.57","3.06B","-0.91%"
"10/10/2021","29,068.63","27,977.57","29,082.35","27,893.32","3.34B","3.64%"
"10/03/2021","28,048.94","29,044.47","29,046.06","27,293.62","4.27B","-2.51%"
"09/26/2021","28,771.07","30,277.82","30,414.61","28,680.73","4.40B","-4.89%"
"09/19/2021","30,248.81","30,021.25","30,276.38","29,573.88","2.30B","-0.82%"
"09/12/2021","30,500.05","30,372.02","30,795.78","30,202.51","3.80B","0.39%"
"09/05/2021","30,381.84","29,501.22","30,381.84","29,469.35","3.94B","4.30%"
"08/29/2021","29,128.11","27,867.60","29,149.65","27,602.21","3.34B","5.38%"
"08/22/2021","27,641.14","27,193.10","27,897.72","27,193.10","2.63B","2.32%"
"08/15/2021","27,013.25","27,806.11","27,833.21","26,954.81","2.98B","-3.45%"
"08/08/2021","27,977.15","27,887.03","28,279.80","27,808.54","2.42B","0.56%"
"08/01/2021","27,820.04","27,493.32","27,888.87","27,488.74","2.98B","1.97%"
"07/25/2021","27,283.59","27,990.47","28,036.47","27,272.49","3.02B","-0.96%"
"07/18/2021","27,548.00","27,663.40","27,882.43","27,330.15","1.64B","-1.63%"
"07/11/2021","28,003.08","28,412.70","28,852.31","27,847.35","2.64B","0.22%"
"07/04/2021","27,940.42","28,709.57","28,748.23","27,419.40","2.85B","-2.93%"
"06/27/2021","28,783.28","29,112.66","29,121.28","28,624.80","2.55B","-0.97%"
"06/20/2021","29,066.18","28,506.84","29,174.17","27,795.86","2.91B","0.35%"
"06/13/2021","28,964.08","29,153.11","29,480.85","28,875.39","2.98B","0.05%"
"06/06/2021","28,948.73","29,214.00","29,241.20","28,799.74","2.76B","0.02%"
"05/30/2021","28,941.52","29,019.45","29,157.16","28,565.83","2.86B","-0.71%"
"05/23/2021","29,149.41","28,212.32","29,194.11","28,212.32","3.92B","2.94%"
"05/16/2021","28,317.83","28,310.46","28,481.17","27,632.53","3.23B","0.83%"
"05/09/2021","28,084.47","29,376.89","29,685.41","27,385.03","3.83B","-4.34%"
"05/02/2021","29,357.82","29,024.01","29,449.86","28,966.47","1.62B","1.89%"
"04/25/2021","28,812.63","29,095.49","29,241.28","28,760.27","2.48B","-0.72%"
"04/18/2021","29,020.63","29,688.32","29,808.01","28,419.84","2.78B","-2.23%"
"04/11/2021","29,683.37","29,874.43","29,897.11","29,538.73","2.62B","-0.28%"
"04/04/2021","29,768.06","30,084.61","30,208.89","29,516.42","3.10B","-0.29%"
"03/28/2021","29,854.00","29,478.12","29,869.67","29,165.52","4.03B","2.32%"
"03/21/2021","29,176.70","29,444.10","29,496.83","28,379.06","4.00B","-2.07%"
"03/14/2021","29,792.05","29,804.50","30,485.00","29,621.22","4.76B","0.25%"
"03/07/2021","29,717.83","29,208.19","29,744.32","28,609.21","4.47B","2.96%"
"02/28/2021","28,864.32","29,419.45","29,996.39","28,308.57","3.63B","-0.35%"
"02/21/2021","28,966.01","30,281.78","30,458.13","28,966.01","3.05B","-3.50%"
"02/14/2021","30,017.92","29,662.41","30,714.52","29,662.41","3.68B","1.69%"
"02/07/2021","29,520.07","28,831.58","29,650.51","28,817.60","3.41B","2.57%"
"01/31/2021","28,779.19","27,649.07","28,785.71","27,649.07","3.91B","4.03%"
"01/24/2021","27,663.39","28,698.89","28,822.29","27,629.80","4.06B","-3.38%"
"01/17/2021","28,631.45","28,238.68","28,846.15","28,111.54","3.14B","0.39%"
"01/10/2021","28,519.18","28,004.37","28,979.53","27,899.45","3.06B","1.35%"
"01/03/2021","28,139.03","27,575.57","28,139.03","27,002.18","3.63B","2.53%"
"12/27/2020","27,444.17","26,691.29","27,602.52","26,664.60","1.61B","2.95%"
"12/20/2020","26,656.61","26,834.10","26,905.67","26,361.66","2.57B","-0.40%"
"12/13/2020","26,763.39","26,659.53","26,874.98","26,605.54","3.16B","0.42%"
"12/06/2020","26,652.52","26,894.25","26,894.25","26,327.08","3.23B","-0.37%"
"11/29/2020","26,751.24","26,830.10","26,889.90","26,405.83","4.32B","0.40%"
"11/22/2020","26,644.71","25,901.45","26,706.42","25,901.45","3.24B","4.38%"
"11/15/2020","25,527.37","25,652.69","26,057.30","25,425.59","3.84B","0.56%"
"11/08/2020","25,385.87","24,568.84","25,587.96","24,541.28","4.56B","4.36%"
"11/01/2020","24,325.23","23,110.74","24,389.00","23,096.79","3.03B","5.87%"
"10/25/2020","22,977.13","23,520.78","23,572.60","22,948.47","2.96B","-2.29%"
"10/18/2020","23,516.59","23,543.69","23,707.16","23,436.17","2.42B","0.45%"
"10/11/2020","23,410.63","23,588.74","23,667.90","23,382.67","2.43B","-0.89%"
"10/04/2020","23,619.69","23,254.28","23,725.58","23,252.69","2.82B","2.56%"
"09/27/2020","23,029.90","23,391.96","23,622.74","22,951.41","3.18B","-0.75%"
"09/20/2020","23,204.62","23,245.89","23,370.13","23,039.48","2.20B","-0.67%"
"09/13/2020","23,360.30","23,431.16","23,582.21","23,272.23","3.34B","-0.20%"
"09/06/2020","23,406.49","23,145.47","23,412.93","22,878.71","3.48B","0.87%"
"08/30/2020","23,205.43","23,147.14","23,580.51","23,047.77","3.10B","1.41%"
"08/23/2020","22,882.65","22,913.20","23,431.04","22,594.79","3.14B","-0.16%"
"08/16/2020","22,920.30","23,189.48","23,248.75","22,851.83","2.51B","-1.58%"
"08/09/2020","23,289.36","22,505.51","23,338.79","22,497.07","3.35B","4.30%"
"08/02/2020","22,329.94","21,947.58","22,603.82","21,919.83","3.76B","2.86%"
"07/26/2020","21,710.00","22,495.95","22,842.19","21,710.00","3.98B","-4.58%"
"07/19/2020","22,751.61","22,772.07","22,925.58","22,580.19","1.84B","0.24%"
"07/12/2020","22,696.42","22,591.81","22,965.56","22,538.78","3.50B","1.82%"
"07/05/2020","22,290.81","22,341.27","22,742.28","22,285.07","3.30B","-0.07%"
"06/28/2020","22,306.48","22,255.05","22,448.30","21,969.59","3.40B","-0.91%"
"06/21/2020","22,512.08","22,353.69","22,693.89","22,165.14","3.40B","0.15%"
"06/14/2020","22,478.79","22,135.27","22,624.14","21,529.83","4.13B","0.78%"
"06/07/2020","22,305.48","23,121.98","23,185.85","21,786.93","5.02B","-2.44%"
"05/31/2020","22,863.73","21,910.89","22,907.92","21,898.99","4.22B","4.51%"
"05/24/2020","21,877.89","20,653.41","21,955.44","20,584.06","5.42B","7.31%"
"05/17/2020","20,388.16","20,097.62","20,734.91","19,999.10","3.71B","1.75%"
"05/10/2020","20,037.47","20,333.73","20,534.88","19,832.88","3.75B","-0.70%"
"05/03/2020","20,179.09","19,468.52","20,179.09","19,448.93","1.65B","2.85%"
"04/26/2020","19,619.35","19,410.84","20,365.89","19,410.18","3.36B","1.86%"
"04/19/2020","19,262.00","19,689.85","19,784.38","18,858.25","3.78B","-3.19%"
"04/12/2020","19,897.26","19,312.04","19,922.07","19,014.32","4.11B","2.05%"
"04/05/2020","19,498.50","17,857.99","19,500.07","17,802.62","4.90B","9.42%"
"03/29/2020","17,820.19","18,884.07","19,336.19","17,646.50","5.52B","-8.09%"
"03/22/2020","19,389.43","16,570.57","19,564.38","16,480.95","7.42B","17.14%"
"03/15/2020","16,552.83","17,586.08","17,785.76","16,358.19","7.33B","-5.04%"
"03/08/2020","17,431.05","20,343.31","20,347.19","16,690.60","8.62B","-15.99%"
"03/01/2020","20,749.75","20,849.79","21,719.78","20,613.91","5.21B","-1.86%"
"02/23/2020","21,142.96","22,949.37","22,950.23","20,916.40","4.60B","-9.59%"
"02/16/2020","23,386.74","23,489.78","23,806.56","23,133.60","3.00B","-1.27%"
"02/09/2020","23,687.59","23,631.79","23,908.85","23,603.48","2.65B","-0.59%"
"02/02/2020","23,827.98","22,874.27","23,995.37","22,775.92","3.71B","2.68%"
"01/26/2020","23,205.18","23,427.90","23,463.89","22,892.95","3.27B","-2.61%"
"01/19/2020","23,827.18","24,080.68","24,108.11","23,755.32","2.36B","-0.89%"
"01/12/2020","24,041.26","23,969.04","24,115.95","23,875.82","2.36B","0.80%"
"01/05/2020","23,850.57","23,319.76","23,903.29","22,951.18","3.35B","0.82%"
"12/29/2019","23,656.62","23,770.93","23,782.49","23,656.62","415.90M","-0.76%"
"12/22/2019","23,837.72","23,921.29","23,967.18","23,775.40","2.00B","0.09%"
"12/15/2019","23,816.63","23,955.20","24,091.12","23,746.63","3.10B","-0.86%"
"12/08/2019","24,023.10","23,544.31","24,050.04","23,333.63","3.42B","2.86%"
"12/01/2019","23,354.40","23,388.63","23,562.05","23,044.78","2.80B","0.26%"
"11/24/2019","23,293.91","23,292.85","23,608.06","23,255.39","2.94B","0.78%"
"11/17/2019","23,112.88","23,304.25","23,420.62","22,726.71","3.13B","-0.82%"
"11/10/2019","23,303.32","23,422.13","23,545.70","23,062.16","3.40B","-0.38%"
"11/03/2019","23,391.87","23,118.79","23,591.09","23,090.94","3.45B","2.37%"
"10/27/2019","22,850.77","22,854.44","23,008.43","22,705.60","3.66B","0.22%"
"10/20/2019","22,799.81","22,541.22","22,819.92","22,457.89","2.35B","1.37%"
"10/13/2019","22,492.68","22,063.71","22,649.85","22,049.71","2.70B","3.18%"
"10/06/2019","21,798.87","21,445.73","21,820.77","21,308.88","2.91B","1.82%"
"09/29/2019","21,410.20","21,793.83","21,938.77","21,276.01","3.21B","-2.14%"
"09/22/2019","21,878.90","22,095.35","22,184.91","21,733.69","2.88B","-0.91%"
"09/15/2019","22,079.09","21,947.59","22,255.56","21,878.63","3.14B","0.41%"
"09/08/2019","21,988.29","21,214.56","22,019.66","21,182.26","4.73B","3.72%"
"09/01/2019","21,199.57","20,625.75","21,241.29","20,554.16","2.93B","2.39%"
"08/25/2019","20,704.37","20,325.44","20,748.35","20,173.76","3.09B","-0.03%"
"08/18/2019","20,710.91","20,590.47","20,731.19","20,482.62","2.59B","1.43%"
"08/11/2019","20,418.81","20,432.68","20,697.42","20,184.85","2.60B","-1.29%"
"08/04/2019","20,684.82","20,909.98","20,941.83","20,110.76","3.89B","-1.91%"
"07/28/2019","21,087.16","21,627.55","21,792.98","20,960.09","3.56B","-2.64%"
"07/21/2019","21,658.15","21,394.75","21,823.07","21,317.85","2.48B","0.89%"
"07/14/2019","21,466.99","21,644.38","21,655.52","20,993.44","2.38B","-1.01%"
"07/07/2019","21,685.90","21,665.79","21,720.14","21,488.22","2.68B","-0.28%"
"06/30/2019","21,746.38","21,566.27","21,784.22","21,559.17","2.67B","2.21%"
"06/23/2019","21,275.92","21,223.56","21,338.17","21,035.84","2.79B","0.08%"
"06/16/2019","21,258.64","21,094.96","21,497.82","20,924.19","3.22B","0.67%"
"06/09/2019","21,116.89","21,095.40","21,259.70","20,932.13","3.02B","1.11%"
"06/02/2019","20,884.71","20,327.87","20,907.77","20,289.64","3.29B","1.38%"
"05/26/2019","20,601.19","21,148.46","21,297.70","20,581.58","3.59B","-2.44%"
"05/19/2019","21,117.22","21,305.97","21,430.06","20,922.00","3.42B","-0.63%"
"05/12/2019","21,250.09","21,180.74","21,398.85","20,751.45","4.19B","-0.44%"
"05/05/2019","21,344.92","22,184.40","22,190.49","21,175.33","3.83B","-4.11%"
"04/21/2019","22,258.73","22,188.62","22,362.92","22,073.10","3.07B","0.26%"
"04/14/2019","22,200.56","22,122.97","22,345.19","22,058.39","3.24B","1.51%"
"04/07/2019","21,870.56","21,900.55","21,900.55","21,571.67","2.99B","0.29%"
"03/31/2019","21,807.50","21,500.89","21,839.18","21,471.12","3.44B","2.84%"
"03/24/2019","21,205.81","21,267.41","21,460.99","20,911.57","4.00B","-1.95%"
"03/17/2019","21,627.34","21,576.36","21,713.26","21,425.79","2.67B","0.82%"
"03/10/2019","21,450.85","21,062.75","21,568.48","20,938.00","3.47B","2.02%"
"03/03/2019","21,025.56","21,812.81","21,860.39","20,993.07","3.61B","-2.67%"
"02/24/2019","21,602.69","21,567.66","21,641.58","21,364.09","3.19B","0.83%"
"02/17/2019","21,425.51","21,217.32","21,553.35","21,189.97","3.05B","2.51%"
"02/10/2019","20,900.63","20,442.55","21,235.62","20,428.57","3.02B","2.79%"
"02/03/2019","20,333.17","20,831.90","20,981.23","20,315.31","3.69B","-2.19%"
"01/27/2019","20,788.39","20,746.29","20,929.63","20,406.22","3.61B","0.07%"
"01/20/2019","20,773.56","20,848.38","20,892.68","20,438.22","3.17B","0.52%"
"01/13/2019","20,666.07","20,264.82","20,682.12","20,204.43","2.85B","1.50%"
"01/06/2019","20,359.70","19,944.61","20,494.35","19,920.80","4.04B","4.08%"
"12/30/2018","19,561.96","19,655.13","19,692.58","19,241.37","943.71M","-2.26%"
"12/23/2018","20,014.77","19,785.43","20,211.57","18,948.58","3.49B","-0.75%"
"12/16/2018","20,166.19","21,391.73","21,563.27","20,006.67","4.52B","-5.65%"
"12/09/2018","21,374.83","21,319.47","21,871.34","21,062.31","4.52B","-1.40%"
"12/02/2018","21,678.68","22,629.39","22,698.79","21,307.72","4.22B","-3.01%"
"11/25/2018","22,351.06","21,647.69","22,437.95","21,622.60","4.15B","3.25%"
"11/18/2018","21,646.55","21,679.03","21,852.92","21,243.38","3.07B","-0.16%"
"11/11/2018","21,680.34","22,121.70","22,324.01","21,484.65","3.88B","-2.56%"
"11/04/2018","22,250.25","22,002.47","22,583.43","21,865.98","4.20B","0.03%"
"10/28/2018","22,243.66","21,323.61","22,308.42","21,035.88","5.12B","5.00%"
"10/21/2018","21,184.60","22,374.21","22,672.25","20,971.93","4.26B","-5.98%"
"10/14/2018","22,532.08","22,501.33","22,959.41","22,212.57","3.65B","-0.72%"
"10/07/2018","22,694.66","23,550.47","23,589.38","22,323.43","3.84B","-4.58%"
"09/30/2018","23,783.72","24,173.37","24,448.07","23,730.19","4.03B","-1.39%"
"09/23/2018","24,120.04","23,881.85","24,286.10","23,778.04","3.63B","1.05%"
"09/16/2018","23,869.93","23,042.19","23,971.41","23,039.26","4.19B","3.36%"
"09/09/2018","23,094.67","22,253.65","23,105.28","22,249.61","4.02B","3.53%"
"09/02/2018","22,307.06","22,819.17","22,820.48","22,172.90","3.09B","-2.44%"
"08/26/2018","22,865.15","22,693.69","23,032.17","22,678.03","3.21B","1.17%"
"08/19/2018","22,601.77","22,267.07","22,602.24","22,053.14","2.67B","1.49%"
"08/12/2018","22,270.38","22,117.57","22,380.28","21,851.32","3.43B","-0.12%"
"08/05/2018","22,298.08","22,536.05","22,800.61","22,272.69","3.56B","-1.01%"
"07/29/2018","22,525.18","22,613.30","22,775.47","22,352.21","4.73B","-0.83%"
"07/22/2018","22,712.75","22,480.33","22,717.15","22,341.87","3.71B","0.07%"
"07/15/2018","22,697.88","22,605.73","22,949.32","22,541.35","2.73B","0.44%"
"07/08/2018","22,597.35","21,838.53","22,692.86","21,744.25","3.75B","3.71%"
"07/01/2018","21,788.14","22,233.80","22,312.25","21,462.95","3.55B","-2.32%"
"06/24/2018","22,304.51","22,543.56","22,556.55","22,038.40","3.46B","-0.94%"
"06/17/2018","22,516.83","22,806.57","22,806.89","22,167.16","4.07B","-1.47%"
"06/10/2018","22,851.75","22,686.95","23,011.57","22,667.30","3.48B","0.69%"
"06/03/2018","22,694.50","22,365.09","22,879.00","22,355.83","3.74B","2.36%"
"05/27/2018","22,171.35","22,488.95","22,547.67","21,931.65","4.31B","-1.24%"
"05/20/2018","22,450.79","22,937.58","23,050.39","22,318.15","3.60B","-2.09%"
"05/13/2018","22,930.36","22,705.30","22,954.19","22,683.64","3.88B","0.76%"
"05/06/2018","22,758.48","22,513.22","22,769.16","22,350.91","3.98B","1.27%"
"04/29/2018","22,472.78","22,453.42","22,568.19","22,411.43","1.66B","0.02%"
"04/22/2018","22,467.87","22,157.88","22,495.56","22,065.52","3.88B","1.38%"
"04/15/2018","22,162.24","21,843.55","22,360.65","21,772.42","3.41B","1.76%"
"04/08/2018","21,778.74","21,534.33","21,933.99","21,517.77","3.48B","0.98%"
"04/01/2018","21,567.52","21,441.57","21,742.84","21,056.02","3.53B","0.53%"
"03/25/2018","21,454.30","20,423.37","21,512.80","20,347.49","4.43B","4.06%"
"03/18/2018","20,617.86","21,537.90","21,659.04","20,559.61","3.48B","-4.88%"
"03/11/2018","21,676.51","21,826.10","21,971.16","21,555.49","3.55B","0.97%"
"03/04/2018","21,469.20","21,047.81","21,884.45","20,937.26","4.47B","1.36%"
"02/25/2018","21,181.64","22,134.64","22,502.05","21,088.96","4.28B","-3.25%"
"02/18/2018","21,892.78","21,903.66","22,152.85","21,626.85","3.67B","0.79%"
"02/11/2018","21,720.25","21,633.34","21,866.37","20,950.15","3.95B","1.58%"
"02/04/2018","21,382.62","22,921.16","22,967.69","21,078.71","6.94B","-8.13%"
"01/28/2018","23,274.53","23,707.14","23,787.23","23,092.85","4.72B","-1.51%"
"01/21/2018","23,631.88","23,797.84","24,129.34","23,592.28","3.99B","-0.74%"
"01/14/2018","23,808.06","23,827.98","24,084.42","23,685.02","4.10B","0.65%"
"01/07/2018","23,653.82","23,948.97","23,952.61","23,588.07","3.71B","-0.26%"
"12/31/2017","23,714.53","23,073.73","23,730.47","23,065.20","2.11B","4.17%"
"12/24/2017","22,764.94","22,909.41","22,954.45","22,736.43","2.41B","-0.60%"
"12/17/2017","22,902.76","22,770.44","22,990.42","22,728.06","4.11B","1.55%"
"12/10/2017","22,553.22","22,894.30","22,994.33","22,478.32","4.45B","-1.13%"
"12/03/2017","22,811.08","22,843.53","22,864.33","22,119.21","4.42B","-0.03%"
"11/26/2017","22,819.03","22,657.08","22,994.31","22,363.94","4.79B","1.19%"
"11/19/2017","22,550.85","22,279.98","22,677.34","22,215.07","3.03B","0.69%"
"11/12/2017","22,396.80","22,607.56","22,757.40","21,972.34","5.23B","-1.25%"
"11/05/2017","22,681.42","22,612.96","23,382.15","22,435.34","6.05B","0.63%"
"10/29/2017","22,539.12","22,047.95","22,540.25","21,840.07","4.71B","2.41%"
"10/22/2017","22,008.45","21,709.30","22,016.50","21,614.51","5.16B","2.57%"
"10/15/2017","21,457.64","21,221.27","21,503.85","21,187.93","4.51B","1.43%"
"10/08/2017","21,155.18","20,680.54","21,211.29","20,663.08","3.60B","2.24%"
"10/01/2017","20,690.71","20,400.51","20,721.15","20,363.28","3.58B","1.64%"
"09/24/2017","20,356.28","20,439.43","20,454.29","20,213.66","4.23B","0.29%"
"09/17/2017","20,296.45","20,128.18","20,481.27","20,122.00","4.46B","1.94%"
"09/10/2017","19,909.50","19,441.39","19,933.40","19,437.14","4.73B","3.29%"
"09/03/2017","19,274.82","19,615.96","19,628.40","19,239.52","4.39B","-2.12%"
"08/27/2017","19,691.47","19,502.23","19,735.96","19,280.02","4.26B","1.23%"
"08/20/2017","19,452.61","19,509.53","19,561.32","19,351.92","3.82B","-0.09%"
"08/13/2017","19,470.41","19,545.58","19,824.12","19,433.09","4.49B","-1.31%"
"08/06/2017","19,729.74","20,059.29","20,085.90","19,660.22","3.76B","-1.12%"
"07/30/2017","19,952.33","19,933.45","20,113.73","19,891.90","5.28B","-0.04%"
"07/23/2017","19,959.84","19,973.67","20,176.39","19,901.88","4.49B","-0.70%"
"07/16/2017","20,099.75","20,074.41","20,157.11","19,943.14","3.44B","-0.09%"
"07/09/2017","20,118.86","20,070.44","20,200.88","20,023.03","4.31B","0.95%"
"07/02/2017","19,929.09","20,056.32","20,197.16","19,856.65","4.77B","-0.52%"
"06/25/2017","20,033.43","20,132.81","20,266.59","19,946.51","5.34B","-0.49%"
"06/18/2017","20,132.67","19,974.30","20,318.11","19,949.88","4.53B","0.95%"
"06/11/2017","19,943.26","19,920.77","20,015.16","19,755.34","5.61B","-0.35%"
"06/04/2017","20,013.26","20,135.42","20,224.54","19,896.35","5.89B","-0.81%"
"05/28/2017","20,177.28","19,697.18","20,239.81","19,570.13","5.35B","2.49%"
"05/21/2017","19,686.84","19,670.48","19,850.93","19,585.54","4.56B","0.49%"
"05/14/2017","19,590.76","19,753.46","19,998.49","19,449.73","6.48B","-1.47%"
"05/07/2017","19,883.90","19,709.01","19,989.94","19,705.13","6.95B","2.25%"
"04/30/2017","19,445.70","19,154.03","19,464.30","19,144.62","2.26B","1.30%"
"04/23/2017","19,196.74","18,890.38","19,289.43","18,840.13","5.98B","3.09%"
"04/16/2017","18,620.75","18,239.84","18,648.28","18,224.68","5.47B","1.56%"
"04/09/2017","18,335.63","18,800.22","18,850.80","18,285.73","5.86B","-1.76%"
"04/02/2017","18,664.63","18,988.00","19,068.62","18,517.43","6.98B","-1.29%"
"03/26/2017","18,909.26","19,071.19","19,251.30","18,909.26","6.32B","-1.83%"
"03/19/2017","19,262.53","19,416.55","19,485.14","18,973.75","4.87B","-1.33%"
"03/12/2017","19,521.59","19,545.74","19,656.48","19,454.17","5.91B","-0.42%"
"03/05/2017","19,604.61","19,409.18","19,623.72","19,198.78","5.46B","0.70%"
"02/26/2017","19,469.17","19,130.51","19,668.01","18,995.55","6.47B","0.96%"
"02/19/2017","19,283.54","19,161.33","19,419.22","19,115.11","6.46B","0.25%"
"02/12/2017","19,234.62","19,513.78","19,519.44","19,173.53","6.85B","-0.74%"
"02/05/2017","19,378.93","19,069.72","19,395.99","18,805.32","6.09B","2.44%"
"01/29/2017","18,918.20","19,371.28","19,390.97","18,830.89","6.41B","-2.82%"
"01/22/2017","19,467.40","18,938.45","19,486.68","18,783.16","6.62B","1.72%"
"01/15/2017","19,137.91","19,219.13","19,255.41","18,650.33","6.15B","-0.77%"
"01/08/2017","19,287.28","19,414.83","19,484.90","19,069.02","4.69B","-0.86%"
"01/01/2017","19,454.33","19,298.68","19,615.40","19,277.93","4.30B","1.78%"
"12/25/2016","19,114.37","19,394.41","19,478.58","18,991.59","5.69B","-1.61%"
"12/18/2016","19,427.67","19,345.84","19,592.90","19,307.14","4.80B","0.14%"
"12/11/2016","19,401.15","19,183.82","19,439.97","19,054.00","7.89B","2.13%"
"12/04/2016","18,996.37","18,349.92","19,042.48","18,227.39","8.56B","3.10%"
"11/27/2016","18,426.08","18,302.58","18,746.28","18,222.82","8.20B","0.24%"
"11/20/2016","18,381.22","18,038.09","18,482.94","18,007.79","5.72B","2.30%"
"11/13/2016","17,967.41","17,467.49","18,043.72","17,455.78","8.67B","3.41%"
"11/06/2016","17,374.79","17,126.03","17,621.73","16,111.81","9.70B","2.78%"
"10/30/2016","16,905.36","17,360.89","17,473.12","16,801.98","5.50B","-3.10%"
"10/23/2016","17,446.41","17,216.56","17,461.03","17,162.21","5.70B","1.52%"
"10/16/2016","17,184.59","16,871.84","17,288.89","16,821.49","5.22B","1.95%"
"10/09/2016","16,856.37","16,936.31","17,074.46","16,727.78","4.48B","-0.02%"
"10/02/2016","16,860.09","16,566.03","16,971.28","16,554.83","5.25B","2.49%"
"09/25/2016","16,449.84","16,707.45","16,756.43","16,285.41","6.19B","-1.82%"
"09/18/2016","16,754.02","16,403.22","16,823.63","16,399.65","4.51B","1.42%"
"09/11/2016","16,519.29","16,748.36","16,802.00","16,359.78","5.72B","-2.63%"
"09/04/2016","16,965.76","17,131.52","17,156.36","16,836.65","6.03B","0.24%"
"08/28/2016","16,925.68","16,631.06","16,946.49","16,616.65","6.16B","3.45%"
"08/21/2016","16,360.71","16,599.26","16,663.64","16,320.43","4.92B","-1.12%"
"08/14/2016","16,545.82","16,866.89","16,932.11","16,452.62","5.63B","-2.21%"
"08/07/2016","16,919.92","16,462.29","16,943.67","16,455.57","5.02B","4.09%"
"07/31/2016","16,254.45","16,415.31","16,677.49","15,921.04","7.51B","-1.90%"
"07/24/2016","16,569.27","16,655.81","16,821.43","16,174.35","7.49B","-0.35%"
"07/17/2016","16,627.25","16,612.09","16,938.96","16,514.66","4.88B","0.78%"
"07/10/2016","16,497.85","15,375.94","16,607.32","15,375.94","8.27B","9.21%"
"07/03/2016","15,106.98","15,554.04","15,805.31","15,106.52","6.33B","-3.67%"
"06/26/2016","15,682.48","15,153.08","15,781.69","14,987.79","7.61B","4.89%"
"06/19/2016","14,952.02","15,839.06","16,389.17","14,864.01","7.38B","-4.15%"
"06/12/2016","15,599.66","16,319.11","16,335.38","15,395.98","7.16B","-6.03%"
"06/05/2016","16,601.36","16,373.32","16,830.92","16,322.64","6.14B","-0.25%"
"05/29/2016","16,642.23","16,973.72","17,251.36","16,525.47","6.44B","-1.14%"
"05/22/2016","16,834.84","16,671.28","16,957.56","16,417.84","5.67B","0.59%"
"05/15/2016","16,736.35","16,391.92","16,841.04","16,391.92","6.76B","1.97%"
"05/08/2016","16,412.21","16,226.57","16,814.64","16,159.31","7.39B","1.90%"
"05/01/2016","16,106.72","16,357.10","16,357.10","15,975.47","3.33B","-3.36%"
"04/24/2016","16,666.05","17,613.56","17,613.56","16,652.74","7.07B","-5.16%"
"04/17/2016","17,572.49","16,521.25","17,572.49","16,254.20","8.24B","4.30%"
"04/10/2016","16,848.03","15,761.57","16,928.67","15,525.49","7.44B","6.49%"
"04/03/2016","15,821.52","16,087.76","16,238.51","15,471.80","7.76B","-2.12%"
"03/27/2016","16,164.16","17,129.27","17,167.88","16,113.01","7.07B","-4.93%"
"03/20/2016","17,002.75","16,937.31","17,142.08","16,843.99","5.09B","1.66%"
"03/13/2016","16,724.81","17,155.52","17,291.35","16,613.69","7.20B","-1.26%"
"03/06/2016","16,938.87","17,024.64","17,026.25","16,494.80","8.37B","-0.45%"
"02/28/2016","17,014.78","16,313.31","17,042.92","15,857.37","8.77B","5.10%"
"02/21/2016","16,188.41","15,851.39","16,472.50","15,753.77","7.74B","1.39%"
"02/14/2016","15,967.17","15,248.38","16,341.56","15,243.88","10.11B","6.79%"
"02/07/2016","14,952.61","16,620.91","17,099.01","14,865.77","10.52B","-11.10%"
"01/31/2016","16,819.59","17,699.60","17,905.37","16,627.80","11.73B","-3.99%"
"01/24/2016","17,518.30","17,145.81","17,638.93","16,652.26","8.94B","3.30%"
"01/17/2016","16,958.53","16,826.93","17,088.31","16,017.26","9.04B","-1.10%"
"01/10/2016","17,147.11","17,470.93","17,717.75","16,944.41","6.76B","-3.11%"
"01/03/2016","17,697.96","18,818.58","18,951.12","17,509.64","7.67B","-7.02%"
"12/27/2015","19,033.71","18,838.91","19,113.18","18,764.54","3.00B","1.41%"
"12/20/2015","18,769.06","18,845.50","19,071.41","18,651.13","5.43B","-1.15%"
"12/13/2015","18,986.80","18,887.09","19,869.08","18,562.51","7.68B","-1.27%"
"12/06/2015","19,230.48","19,710.39","19,811.51","19,020.75","6.43B","-1.40%"
"11/29/2015","19,504.48","19,857.38","20,012.40","19,444.54","6.61B","-1.91%"
"11/22/2015","19,883.94","19,875.99","19,994.05","19,786.53","4.99B","0.02%"
"11/15/2015","19,879.81","19,263.96","19,959.06","19,252.04","6.33B","1.44%"
"11/08/2015","19,596.91","19,411.51","19,725.83","19,388.91","6.94B","1.72%"
"11/01/2015","19,265.60","18,827.11","19,294.15","18,641.22","5.73B","0.96%"
"10/25/2015","19,083.10","19,036.13","19,202.34","18,760.79","7.15B","1.37%"
"10/18/2015","18,825.30","18,282.78","18,915.64","18,078.43","6.55B","2.92%"
"10/11/2015","18,291.80","18,335.15","18,397.52","17,758.12","5.51B","-0.80%"
"10/04/2015","18,438.67","17,921.00","18,438.67","17,869.74","7.72B","4.03%"
"09/27/2015","17,725.13","17,811.12","17,886.49","16,901.49","7.80B","-0.87%"
"09/20/2015","17,880.51","17,803.41","17,880.51","17,483.69","3.53B","-1.05%"
"09/13/2015","18,070.21","18,341.01","18,468.20","17,925.09","7.02B","-1.06%"
"09/06/2015","18,264.22","17,674.82","18,770.51","17,415.61","8.95B","2.65%"
"08/30/2015","17,792.16","19,006.98","19,019.61","17,608.17","8.56B","-7.02%"
"08/23/2015","19,136.32","19,075.05","19,192.82","17,714.30","12.54B","-1.54%"
"08/16/2015","19,435.83","20,600.16","20,668.87","19,435.83","7.03B","-5.28%"
"08/09/2015","20,519.45","20,618.31","20,946.93","20,303.02","7.75B","-0.99%"
"08/02/2015","20,724.56","20,540.21","20,817.48","20,396.50","8.28B","0.68%"
"07/26/2015","20,585.24","20,374.05","20,585.24","20,070.62","7.62B","0.20%"
"07/19/2015","20,544.53","20,763.31","20,850.00","20,527.78","5.10B","-0.52%"
"07/12/2015","20,650.92","19,929.92","20,658.95","19,911.39","6.83B","4.40%"
"07/05/2015","19,779.83","20,200.15","20,428.00","19,115.20","9.57B","-3.70%"
"06/28/2015","20,539.79","20,305.97","20,601.73","20,093.16","7.41B","-0.80%"
"06/21/2015","20,706.15","20,174.14","20,952.71","20,174.14","7.59B","2.64%"
"06/14/2015","20,174.24","20,205.10","20,401.48","19,990.55","6.68B","-1.14%"
"06/07/2015","20,407.08","20,537.85","20,544.94","20,016.32","8.24B","-0.26%"
"05/31/2015","20,460.90","20,444.54","20,619.61","20,363.18","8.80B","-0.50%"
"05/24/2015","20,563.15","20,331.92","20,655.33","20,318.54","9.38B","1.47%"
"05/17/2015","20,264.41","19,766.16","20,320.90","19,741.22","8.91B","2.69%"
"05/10/2015","19,732.92","19,637.58","19,791.88","19,467.65","9.62B","1.83%"
"05/03/2015","19,379.19","19,356.46","19,461.08","19,257.85","3.47B","-0.78%"
"04/26/2015","19,531.63","20,063.80","20,133.78","19,399.16","6.05B","-2.44%"
"04/19/2015","20,020.04","19,501.00","20,252.12","19,474.23","8.51B","1.87%"
"04/12/2015","19,652.88","19,967.38","19,975.66","19,638.37","7.03B","-1.28%"
"04/05/2015","19,907.63","19,295.03","20,006.00","19,241.29","6.31B","2.43%"
"03/29/2015","19,435.08","19,295.21","19,607.25","18,927.95","7.00B","0.77%"
"03/22/2015","19,285.63","19,607.98","19,778.60","19,099.87","7.44B","-1.40%"
"03/15/2015","19,560.22","19,245.38","19,565.44","19,226.71","6.84B","1.59%"
"03/08/2015","19,254.25","18,872.96","19,335.80","18,577.06","7.74B","1.49%"
"03/01/2015","18,971.00","18,869.40","18,979.64","18,586.84","7.02B","0.92%"
"02/22/2015","18,797.94","18,499.58","18,865.39","18,402.02","7.72B","2.54%"
"02/15/2015","18,332.30","18,024.01","18,360.92","17,901.26","7.87B","2.34%"
"02/08/2015","17,913.36","17,790.31","18,005.45","17,550.03","5.97B","1.50%"
"02/01/2015","17,648.50","17,536.61","17,743.11","17,271.87","8.20B","-0.15%"
"01/25/2015","17,674.39","17,285.71","17,850.59","17,285.71","7.07B","0.93%"
"01/18/2015","17,511.75","17,000.78","17,532.06","16,911.58","6.51B","3.84%"
"01/11/2015","16,864.16","16,970.88","17,141.98","16,592.57","6.16B","-1.94%"
"01/04/2015","17,197.73","17,325.68","17,540.92","16,808.26","7.17B","-1.45%"
"12/28/2014","17,450.77","17,914.55","17,914.55","17,450.77","2.13B","-2.07%"
"12/21/2014","17,818.96","17,685.53","17,875.41","17,572.62","4.28B","1.12%"
"12/14/2014","17,621.40","17,111.49","17,621.40","16,672.94","8.30B","1.44%"
"12/07/2014","17,371.58","18,004.66","18,030.83","17,043.63","8.11B","-3.06%"
"11/30/2014","17,920.45","17,475.10","17,922.29","17,474.27","6.81B","2.64%"
"11/23/2014","17,459.85","17,490.39","17,490.39","17,212.48","5.85B","0.59%"
"11/16/2014","17,357.51","17,381.38","17,472.57","16,907.43","8.21B","-0.76%"
"11/09/2014","17,490.83","16,758.27","17,520.54","16,713.37","8.29B","3.62%"
"11/02/2014","16,880.38","16,732.85","17,127.66","16,720.99","9.20B","2.84%"
"10/26/2014","16,413.76","15,404.28","16,533.91","15,263.36","8.45B","7.34%"
"10/19/2014","15,291.64","14,822.84","15,377.05","14,761.84","6.84B","5.22%"
"10/12/2014","14,532.51","15,036.87","15,089.90","14,529.03","7.16B","-5.02%"
"10/05/2014","15,300.55","15,882.28","15,970.65","15,221.83","7.40B","-2.60%"
"09/28/2014","15,708.65","16,339.03","16,344.32","15,559.07","7.13B","-3.21%"
"09/21/2014","16,229.86","16,281.36","16,374.14","16,087.95","5.39B","-0.56%"
"09/14/2014","16,321.17","15,896.06","16,364.08","15,871.12","5.50B","2.34%"
"09/07/2014","15,948.29","15,718.13","15,984.90","15,656.40","6.25B","1.78%"
"08/31/2014","15,668.68","15,454.59","15,829.38","15,440.99","5.56B","1.58%"
"08/24/2014","15,424.59","15,609.43","15,628.61","15,356.00","4.81B","-0.74%"
"08/17/2014","15,539.19","15,318.50","15,628.78","15,303.39","4.84B","1.44%"
"08/10/2014","15,318.34","15,022.64","15,338.85","14,973.71","4.82B","3.65%"
"08/03/2014","14,778.37","15,474.65","15,535.62","14,753.84","7.11B","-4.80%"
"07/27/2014","15,523.11","15,426.98","15,759.66","15,426.98","6.29B","0.42%"
"07/20/2014","15,457.87","15,296.42","15,457.87","15,232.14","4.57B","1.59%"
"07/13/2014","15,215.71","15,199.18","15,465.74","15,110.45","4.90B","0.34%"
"07/06/2014","15,164.04","15,433.49","15,477.77","15,101.49","5.56B","-1.77%"
"06/29/2014","15,437.13","15,159.45","15,490.37","15,052.34","5.79B","2.27%"
"06/22/2014","15,095.00","15,419.47","15,442.67","15,027.31","5.87B","-1.66%"
"06/15/2014","15,349.42","15,049.61","15,422.06","14,867.15","7.22B","1.67%"
"06/08/2014","15,097.84","15,204.31","15,206.57","14,830.99","6.33B","0.14%"
"06/01/2014","15,077.24","14,777.51","15,144.34","14,777.51","6.71B","3.04%"
"05/25/2014","14,632.38","14,592.60","14,744.16","14,531.32","6.54B","1.18%"
"05/18/2014","14,462.17","14,130.09","14,528.04","13,964.43","6.62B","2.59%"
"05/11/2014","14,096.59","14,173.49","14,464.01","14,016.49","6.16B","-0.73%"
"05/04/2014","14,199.59","14,296.25","14,299.13","14,033.45","3.91B","-1.78%"
"04/27/2014","14,457.51","14,289.82","14,493.03","14,224.47","4.60B","0.20%"
"04/20/2014","14,429.26","14,549.45","14,649.50","14,327.60","5.19B","-0.60%"
"04/13/2014","14,516.27","13,887.23","14,536.67","13,885.22","5.92B","3.98%"
"04/06/2014","13,960.05","14,880.82","14,895.58","13,885.11","7.09B","-7.33%"
"03/30/2014","15,063.77","14,839.54","15,164.39","14,718.01","6.75B","2.50%"
"03/23/2014","14,696.03","14,297.58","14,713.45","14,227.81","8.77B","3.32%"
"03/16/2014","14,224.23","14,254.32","14,663.54","14,203.21","5.64B","-0.72%"
"03/09/2014","14,327.66","15,197.53","15,266.12","14,280.75","7.34B","-6.20%"
"03/02/2014","15,274.07","14,666.93","15,312.60","14,443.10","6.95B","2.92%"
"02/23/2014","14,841.07","14,803.64","15,094.54","14,658.14","7.46B","-0.17%"
"02/16/2014","14,865.67","14,343.73","14,900.24","14,214.60","8.20B","3.86%"
"02/09/2014","14,313.03","14,647.83","14,874.79","14,243.17","6.67B","-1.03%"
"02/02/2014","14,462.41","14,788.56","14,846.93","13,995.86","11.56B","-3.03%"
"01/26/2014","14,914.53","15,091.45","15,383.91","14,764.57","10.10B","-3.10%"
"01/19/2014","15,391.56","15,724.14","15,958.58","15,288.32","9.10B","-2.18%"
"01/12/2014","15,734.46","15,657.20","15,941.08","15,383.69","7.95B","-1.12%"
"01/05/2014","15,912.06","16,147.54","16,164.01","15,754.70","10.20B","-2.33%"
"12/29/2013","16,291.31","16,269.22","16,320.22","16,182.71","1.82B","0.69%"
"12/22/2013","16,178.94","15,955.90","16,232.69","15,849.00","6.51B","1.94%"
"12/15/2013","15,870.42","15,408.35","15,891.82","15,146.13","7.91B","3.03%"
"12/08/2013","15,403.11","15,556.60","15,650.21","15,251.45","7.72B","0.67%"
"12/01/2013","15,299.86","15,659.74","15,794.15","15,112.54","7.55B","-2.31%"
"11/24/2013","15,661.87","15,504.78","15,729.09","15,414.52","7.90B","1.82%"
"11/17/2013","15,381.72","15,253.24","15,579.39","15,020.33","8.32B","1.42%"
"11/10/2013","15,165.92","14,271.48","15,203.11","14,208.13","8.44B","7.66%"
"11/03/2013","14,086.80","14,319.75","14,407.69","14,026.17","5.39B","-0.81%"
"10/27/2013","14,201.57","14,261.65","14,526.88","14,126.41","7.31B","0.80%"
"10/20/2013","14,088.19","14,624.03","14,799.28","14,088.19","6.36B","-3.25%"
"10/13/2013","14,561.54","14,510.27","14,664.22","14,415.76","4.97B","1.09%"
"10/06/2013","14,404.74","14,057.79","14,447.87","13,748.94","7.85B","2.71%"
"09/29/2013","14,024.31","14,530.62","14,642.97","13,944.27","7.74B","-4.98%"
"09/22/2013","14,760.07","14,626.04","14,817.50","14,410.52","5.85B","0.12%"
"09/15/2013","14,742.42","14,456.99","14,816.65","14,311.67","6.14B","2.34%"
"09/08/2013","14,404.67","14,141.67","14,561.46","14,117.68","8.53B","3.92%"
"09/01/2013","13,860.81","13,438.07","14,156.50","13,407.53","7.00B","3.52%"
"08/25/2013","13,388.86","13,719.56","13,741.49","13,188.14","6.32B","-1.99%"
"08/18/2013","13,660.55","13,669.74","13,774.66","13,238.73","6.81B","0.08%"
"08/11/2013","13,650.11","13,469.70","14,050.16","13,430.64","6.64B","0.26%"
"08/04/2013","13,615.19","14,318.21","14,401.06","13,527.81","7.93B","-5.88%"
"07/28/2013","14,466.16","13,899.27","14,466.16","13,613.78","9.44B","2.38%"
"07/21/2013","14,129.98","14,770.02","14,820.18","14,114.52","8.38B","-3.15%"
"07/14/2013","14,589.91","14,594.88","14,953.29","14,413.28","8.94B","0.58%"
"07/07/2013","14,506.25","14,491.07","14,574.17","14,109.34","9.49B","1.37%"
"06/30/2013","14,309.97","13,746.72","14,309.97","13,562.70","9.10B","4.63%"
"06/23/2013","13,677.32","13,417.54","13,724.44","12,758.22","9.52B","3.38%"
"06/16/2013","13,230.13","12,584.37","13,330.35","12,549.82","9.74B","4.28%"
"06/09/2013","12,686.52","13,141.85","13,584.31","12,415.85","12.26B","-1.48%"
"06/02/2013","12,877.53","13,551.36","13,711.42","12,548.20","16.03B","-6.51%"
"05/26/2013","13,774.54","14,373.82","14,512.28","13,555.66","15.43B","-5.73%"
"05/19/2013","14,612.45","15,260.61","15,942.60","13,981.52","24.15B","-3.47%"
"05/12/2013","15,138.12","14,759.50","15,157.32","14,727.70","18.16B","3.63%"
"05/05/2013","14,607.54","13,960.04","14,636.81","13,951.81","10.51B","6.67%"
"04/28/2013","13,694.04","13,854.82","13,897.06","13,637.96","6.03B","-1.37%"
"04/21/2013","13,884.13","13,537.17","13,983.87","13,505.53","13.37B","4.26%"
"04/14/2013","13,316.48","13,345.86","13,408.29","13,004.46","14.61B","-1.25%"
"04/07/2013","13,485.14","13,082.61","13,568.25","13,080.29","16.82B","5.08%"
"03/31/2013","12,833.64","12,371.34","13,225.62","11,805.78","14.95B","3.51%"
"03/24/2013","12,397.91","12,507.61","12,594.36","12,286.37","8.96B","0.48%"
"03/17/2013","12,338.53","12,365.44","12,650.26","12,220.63","7.22B","-1.77%"
"03/10/2013","12,560.95","12,363.09","12,560.95","12,234.48","12.57B","2.26%"
"03/03/2013","12,283.62","11,695.45","12,283.62","11,613.59","11.86B","5.84%"
"02/24/2013","11,606.38","11,564.55","11,662.52","11,253.97","11.09B","1.94%"
"02/17/2013","11,385.94","11,318.22","11,510.52","11,175.67","10.74B","1.90%"
"02/10/2013","11,173.83","11,346.72","11,460.64","11,065.06","12.03B","0.19%"
"02/03/2013","11,153.16","11,254.16","11,498.42","11,046.92","18.25B","-0.34%"
"01/27/2013","11,191.34","11,002.86","11,237.84","10,751.01","11.94B","2.42%"
"01/20/2013","10,926.65","10,941.45","10,941.45","10,441.11","10.86B","0.12%"
"01/13/2013","10,913.30","10,914.65","10,952.31","10,432.97","9.96B","1.03%"
"01/06/2013","10,801.57","10,743.69","10,830.43","10,398.61","11.19B","1.06%"
"12/30/2012","10,688.11","10,604.50","10,734.23","10,602.24","2.19B","2.82%"
"12/23/2012","10,395.18","10,092.35","10,433.63","10,030.44","7.62B","4.58%"
"12/16/2012","9,940.06","9,895.68","10,175.06","9,826.30","12.83B","2.08%"
"12/09/2012","9,737.56","9,584.46","9,775.75","9,487.95","8.01B","2.21%"
"12/02/2012","9,527.39","9,484.20","9,572.75","9,376.97","5.87B","0.86%"
"11/25/2012","9,446.01","9,466.06","9,492.91","9,308.35","6.80B","0.85%"
"11/18/2012","9,366.80","9,141.27","9,366.80","9,129.43","5.59B","3.80%"
"11/11/2012","9,024.16","8,701.28","9,032.35","8,619.45","6.23B","3.04%"
"11/04/2012","8,757.60","9,000.81","9,040.18","8,729.45","5.48B","-3.24%"
"10/28/2012","9,051.22","8,958.79","9,072.39","8,841.98","6.60B","1.32%"
"10/21/2012","8,933.06","8,874.52","9,075.59","8,867.79","6.15B","-0.77%"
"10/14/2012","9,002.68","8,517.77","9,016.90","8,488.14","6.86B","5.49%"
"10/07/2012","8,534.12","8,822.39","8,840.69","8,514.63","5.19B","-3.71%"
"09/30/2012","8,863.30","8,815.07","8,880.23","8,729.56","5.36B","-0.08%"
"09/23/2012","8,870.16","9,071.32","9,112.54","8,838.85","6.04B","-2.63%"
"09/16/2012","9,110.00","9,155.49","9,288.53","9,079.19","5.61B","-0.54%"
"09/09/2012","9,159.39","8,853.19","9,193.27","8,769.47","6.16B","3.24%"
"09/02/2012","8,871.65","8,836.61","8,893.39","8,646.03","6.22B","0.36%"
"08/26/2012","8,839.91","9,140.41","9,150.48","8,839.91","5.32B","-2.54%"
"08/19/2012","9,070.76","9,202.36","9,222.87","9,045.79","4.50B","-1.00%"
"08/12/2012","9,162.50","8,871.68","9,181.57","8,866.06","5.42B","3.05%"
"08/05/2012","8,891.44","8,683.20","9,004.81","8,676.25","6.56B","3.93%"
"07/29/2012","8,555.11","8,658.83","8,732.84","8,513.20","6.44B","-0.13%"
"07/22/2012","8,566.64","8,582.28","8,606.23","8,328.02","649.44K","-1.19%"
"07/15/2012","8,669.87","8,740.98","8,835.80","8,662.72","461.17K","-0.62%"
"07/08/2012","8,724.12","8,922.99","8,966.99","8,695.44","563.07K","-3.29%"
"07/01/2012","9,020.75","9,103.79","9,136.02","8,977.35","531.62K","0.16%"
"06/24/2012","9,006.78","8,837.83","9,044.04","8,619.36","588.64K","2.37%"
"06/17/2012","8,798.35","8,723.55","8,859.04","8,630.66","568.94K","2.67%"
"06/10/2012","8,569.32","8,612.14","8,665.80","8,452.50","531.94K","1.30%"
"06/03/2012","8,459.26","8,278.65","8,647.79","8,238.96","734.14K","0.23%"
"05/27/2012","8,440.25","8,604.99","8,657.08","8,422.50","633.70K","-1.63%"
"05/20/2012","8,580.39","8,617.92","8,740.48","8,496.61","612.34K","-0.36%"
"05/13/2012","8,611.31","8,986.22","9,031.09","8,588.16","718.14K","-3.82%"
"05/06/2012","8,953.31","9,198.17","9,207.56","8,944.63","662.02K","-4.55%"
"04/29/2012","9,380.25","9,471.66","9,472.25","9,332.79","212.45K","-1.48%"
"04/22/2012","9,520.89","9,599.20","9,691.70","9,423.30","575.88K","-0.42%"
"04/15/2012","9,561.36","9,522.70","9,682.88","9,455.32","567.60K","-0.80%"
"04/08/2012","9,637.99","9,565.31","9,690.29","9,388.14","708.36K","-0.52%"
"04/01/2012","9,688.45","10,161.72","10,190.35","9,659.16","695.70K","-3.92%"
"03/25/2012","10,083.56","10,040.10","10,255.15","10,016.05","715.47K","0.72%"
"03/18/2012","10,011.47","10,150.85","10,172.64","9,999.37","553.47K","-1.17%"
"03/11/2012","10,129.83","10,015.92","10,158.74","9,888.30","868.29K","2.02%"
"03/04/2012","9,929.74","9,756.98","10,007.62","9,509.10","869.64K","1.56%"
"02/26/2012","9,777.03","9,726.20","9,866.41","9,528.77","875.44K","1.34%"
"02/19/2012","9,647.38","9,534.03","9,647.38","9,440.41","864.22K","2.80%"
"02/12/2012","9,384.17","8,954.03","9,435.03","8,948.54","845.27K","4.88%"
"02/05/2012","8,947.17","8,939.99","9,018.49","8,887.19","762.10K","1.30%"
"01/29/2012","8,831.93","8,803.79","8,893.22","8,774.23","678.63K","-0.11%"
"01/22/2012","8,841.22","8,753.91","8,911.62","8,744.54","618.69K","0.85%"
"01/15/2012","8,766.36","8,409.79","8,791.39","8,352.23","600.75K","3.13%"
"01/08/2012","8,500.02","8,422.99","8,509.76","8,360.33","413.14K","1.31%"
"01/01/2012","8,390.35","8,549.54","8,581.45","8,349.33","284.95K","-0.77%"
"12/25/2011","8,455.35","8,504.46","8,516.53","8,330.87","307.51K","0.72%"
"12/18/2011","8,395.16","8,363.39","8,471.11","8,272.26","349.62K","-0.08%"
"12/11/2011","8,401.72","8,652.98","8,682.47","8,374.25","520.74K","-1.58%"
"12/04/2011","8,536.46","8,697.78","8,729.81","8,503.03","659.27K","-1.24%"
"11/27/2011","8,643.75","8,269.91","8,653.88","8,259.71","593.63K","5.93%"
"11/20/2011","8,160.01","8,349.05","8,375.60","8,135.79","423.30K","-2.57%"
"11/13/2011","8,374.91","8,631.28","8,655.31","8,359.60","501.57K","-1.64%"
"11/06/2011","8,514.47","8,771.82","8,779.55","8,485.77","648.67K","-3.26%"
"10/30/2011","8,801.40","9,011.18","9,152.39","8,640.42","491.75K","-2.75%"
"10/23/2011","9,050.47","8,764.92","9,086.43","8,642.56","617.84K","4.28%"
"10/16/2011","8,678.89","8,881.44","8,911.70","8,652.26","474.90K","-0.79%"
"10/09/2011","8,747.96","8,733.54","8,854.16","8,689.38","438.98K","1.65%"
"10/02/2011","8,605.62","8,567.98","8,663.57","8,343.01","706.31K","-1.09%"
"09/25/2011","8,700.29","8,547.62","8,756.00","8,359.70","754.12K","1.64%"
"09/18/2011","8,560.26","8,763.61","8,771.72","8,545.46","335.64K","-3.43%"
"09/11/2011","8,864.16","8,578.71","8,864.16","8,499.34","652.08K","1.45%"
"09/04/2011","8,737.66","8,828.46","8,876.49","8,588.34","669.17K","-2.38%"
"08/28/2011","8,950.74","8,802.25","9,098.15","8,751.29","668.59K","1.74%"
"08/21/2011","8,797.78","8,686.91","8,849.94","8,619.21","773.66K","0.90%"
"08/14/2011","8,719.24","9,082.53","9,150.31","8,707.47","612.03K","-2.73%"
"08/07/2011","8,963.72","9,169.67","9,215.09","8,656.79","886.77K","-3.61%"
"07/31/2011","9,299.88","9,907.04","10,040.13","9,264.09","740.62K","-5.42%"
"07/24/2011","9,833.03","10,080.82","10,130.25","9,824.34","617.14K","-2.95%"
"07/17/2011","10,132.11","9,921.50","10,149.18","9,889.72","472.83K","1.58%"
"07/10/2011","9,974.47","10,069.01","10,109.30","9,884.00","586.97K","-1.61%"
"07/03/2011","10,137.73","9,980.16","10,207.91","9,940.47","662.11K","2.73%"
"06/26/2011","9,868.07","9,633.92","9,900.57","9,570.58","607.96K","1.96%"
"06/19/2011","9,678.71","9,383.24","9,695.09","9,346.76","633.93K","3.50%"
"06/12/2011","9,351.40","9,405.16","9,599.90","9,318.62","645.71K","-1.71%"
"06/05/2011","9,514.44","9,467.37","9,613.75","9,358.31","717.88K","0.23%"
"05/29/2011","9,492.21","9,489.78","9,720.73","9,448.00","645.92K","-0.31%"
"05/22/2011","9,521.94","9,547.86","9,588.70","9,406.04","590.47K","-0.89%"
"05/15/2011","9,607.08","9,571.13","9,731.12","9,502.39","632.94K","-0.43%"
"05/08/2011","9,648.77","9,881.67","9,929.04","9,552.93","741.82K","-2.13%"
"05/01/2011","9,859.20","9,964.39","10,017.47","9,782.66","260.21K","0.10%"
"04/24/2011","9,849.74","9,705.90","9,849.74","9,536.51","474.78K","1.73%"
"04/17/2011","9,682.21","9,593.41","9,732.63","9,405.19","611.67K","0.95%"
"04/10/2011","9,591.52","9,731.32","9,775.60","9,513.27","774.94K","-1.81%"
"04/03/2011","9,768.08","9,773.91","9,808.60","9,536.68","938.33K","0.61%"
"03/27/2011","9,708.39","9,541.76","9,822.06","9,317.38","989.00K","1.81%"
"03/20/2011","9,536.13","9,403.05","9,625.03","9,387.95","921.53K","3.58%"
"03/13/2011","9,206.75","10,044.17","10,049.92","8,227.63","1.69M","-10.22%"
"03/06/2011","10,254.43","10,626.97","10,662.07","10,254.43","797.72K","-4.11%"
"02/27/2011","10,693.66","10,504.54","10,768.43","10,448.83","767.08K","1.59%"
"02/20/2011","10,526.76","10,820.78","10,859.39","10,428.38","837.27K","-2.91%"
"02/13/2011","10,842.80","10,689.65","10,891.60","10,674.44","797.42K","2.24%"
"02/06/2011","10,605.65","10,641.30","10,701.92","10,570.62","623.28K","0.59%"
"01/30/2011","10,543.52","10,219.98","10,580.36","10,182.57","826.55K","1.77%"
"01/23/2011","10,360.34","10,318.60","10,496.40","10,278.81","683.98K","0.84%"
"01/16/2011","10,274.52","10,562.09","10,580.68","10,257.99","708.54K","-2.14%"
"01/09/2011","10,499.04","10,484.62","10,620.57","10,476.29","640.98K","-0.40%"
"01/02/2011","10,541.04","10,352.19","10,550.71","10,321.28","556.56K","3.05%"
"12/26/2010","10,228.92","10,292.84","10,376.91","10,209.93","356.42K","-0.49%"
"12/19/2010","10,279.19","10,296.55","10,394.22","10,182.74","455.21K","-0.24%"
"12/12/2010","10,303.83","10,212.52","10,347.39","10,199.73","734.47K","0.90%"
"12/05/2010","10,211.95","10,175.23","10,373.70","10,094.41","730.69K","0.33%"
"11/28/2010","10,178.32","10,075.66","10,254.00","9,918.55","639.81K","1.38%"
"11/21/2010","10,039.56","10,133.48","10,157.97","9,904.92","521.47K","0.17%"
"11/14/2010","10,022.39","9,782.11","10,130.23","9,693.21","724.15K","3.06%"
"11/07/2010","9,724.81","9,699.79","9,885.37","9,659.86","677.98K","1.03%"
"10/31/2010","9,625.99","9,166.85","9,680.68","9,123.62","534.62K","4.60%"
"10/24/2010","9,202.45","9,424.44","9,460.70","9,179.15","649.27K","-2.38%"
"10/17/2010","9,426.71","9,517.68","9,575.14","9,316.97","601.70K","-0.77%"
"10/10/2010","9,500.25","9,648.59","9,650.20","9,387.73","599.49K","-0.92%"
"10/03/2010","9,588.88","9,410.92","9,716.92","9,332.19","908.30K","1.96%"
"09/26/2010","9,404.23","9,557.37","9,613.47","9,358.62","663.68K","-0.71%"
"09/19/2010","9,471.67","9,700.88","9,704.25","9,415.96","364.96K","-1.60%"
"09/12/2010","9,626.09","9,325.64","9,643.28","9,199.08","678.95K","4.19%"
"09/05/2010","9,239.17","9,199.99","9,311.02","8,997.63","594.26K","1.37%"
"08/29/2010","9,114.13","9,141.45","9,280.70","8,796.45","577.57K","1.37%"
"08/22/2010","8,991.06","9,147.24","9,171.42","8,807.41","571.32K","-2.05%"
"08/15/2010","9,179.38","9,145.22","9,362.68","9,084.24","539.14K","-0.80%"
"08/08/2010","9,253.46","9,535.51","9,667.04","9,065.94","570.63K","-4.03%"
"08/01/2010","9,642.12","9,574.64","9,750.88","9,474.67","634.40K","1.10%"
"07/25/2010","9,537.30","9,520.73","9,760.31","9,487.65","683.65K","1.13%"
"07/18/2010","9,430.96","9,267.24","9,474.11","9,176.12","694.73K","0.24%"
"07/11/2010","9,408.36","9,540.47","9,807.36","9,392.21","716.49K","-1.85%"
"07/04/2010","9,585.32","9,230.00","9,610.59","9,091.70","602.26K","4.15%"
"06/27/2010","9,203.71","9,758.91","9,762.23","9,147.68","570.45K","-5.48%"
"06/20/2010","9,737.48","10,109.27","10,251.90","9,697.87","564.74K","-2.58%"
"06/13/2010","9,995.02","9,824.93","10,109.86","9,819.95","515.26K","2.99%"
"06/06/2010","9,705.25","9,705.36","9,764.73","9,378.23","758.41K","-1.98%"
"05/30/2010","9,901.19","9,735.47","9,962.42","9,560.16","653.03K","1.42%"
"05/23/2010","9,762.98","9,754.99","9,824.85","9,395.29","857.53K","-0.22%"
"05/16/2010","9,784.54","10,329.37","10,336.53","9,696.63","862.92K","-6.48%"
"05/09/2010","10,462.51","10,399.05","10,643.28","10,345.19","915.85K","0.94%"
"05/02/2010","10,364.59","10,847.90","10,847.90","10,257.32","411.48K","-6.27%"
"04/25/2010","11,057.40","11,039.59","11,213.45","10,882.40","613.94K","1.31%"
"04/18/2010","10,914.46","10,929.64","11,093.30","10,865.92","696.66K","-1.69%"
"04/11/2010","11,102.18","11,300.79","11,351.55","11,084.72","710.03K","-0.91%"
"04/04/2010","11,204.34","11,380.63","11,408.17","11,148.80","701.97K","-0.72%"
"03/28/2010","11,286.09","10,909.98","11,313.98","10,901.20","756.38K","2.63%"
"03/21/2010","10,996.37","10,793.05","11,001.59","10,766.65","503.67K","1.59%"
"03/14/2010","10,824.72","10,802.11","10,864.30","10,708.97","621.39K","0.68%"
"03/07/2010","10,751.26","10,538.12","10,777.49","10,514.28","685.82K","3.69%"
"02/28/2010","10,368.96","10,128.73","10,376.41","10,116.86","589.24K","2.40%"
"02/21/2010","10,126.03","10,302.07","10,449.75","10,085.13","603.52K","0.02%"
"02/14/2010","10,123.58","10,097.82","10,354.42","10,012.53","552.68K","0.31%"
"02/07/2010","10,092.19","10,007.47","10,099.46","9,867.39","535.35K","0.35%"
"01/31/2010","10,057.09","10,212.36","10,438.41","10,036.33","794.74K","-1.38%"
"01/24/2010","10,198.04","10,478.31","10,566.49","10,198.04","779.41K","-3.71%"
"01/17/2010","10,590.55","10,887.61","10,895.10","10,528.33","871.96K","-3.57%"
"01/10/2010","10,982.10","10,770.35","10,982.10","10,729.86","963.11K","1.70%"
"01/03/2010","10,798.32","10,609.34","10,816.45","10,608.14","846.77K","2.39%"
"12/27/2009","10,546.44","10,521.81","10,707.51","10,513.55","370.23K","0.49%"
"12/20/2009","10,494.71","10,196.71","10,558.41","10,183.47","519.46K","3.48%"
"12/13/2009","10,142.05","10,126.61","10,260.12","10,009.60","846.28K","0.34%"
"12/06/2009","10,107.87","10,131.90","10,204.58","9,834.22","847.36K","0.85%"
"11/29/2009","10,022.59","9,189.17","10,022.59","9,162.18","937.78K","10.36%"
"11/22/2009","9,081.52","9,511.00","9,511.00","9,076.41","604.61K","-4.38%"
"11/15/2009","9,497.68","9,784.14","9,847.64","9,423.66","816.30K","-2.79%"
"11/08/2009","9,770.31","9,777.64","9,979.46","9,719.38","617.19K","-0.19%"
"11/01/2009","9,789.35","9,903.77","9,904.61","9,691.69","536.38K","-2.45%"
"10/25/2009","10,034.74","10,271.84","10,397.69","9,850.12","755.24K","-2.41%"
"10/18/2009","10,282.99","10,179.46","10,364.17","10,125.33","713.29K","0.25%"
"10/11/2009","10,257.56","10,066.85","10,290.31","10,016.24","595.48K","2.41%"
"10/04/2009","10,016.39","9,733.07","10,016.39","9,628.67","769.45K","2.92%"
"09/27/2009","9,731.87","10,136.24","10,151.60","9,714.18","716.13K","-5.20%"
"09/20/2009","10,265.98","10,405.53","10,566.98","10,228.60","310.01K","-1.01%"
"09/13/2009","10,370.54","10,388.32","10,443.80","10,170.74","679.07K","-0.71%"
"09/06/2009","10,444.33","10,288.56","10,522.23","10,249.11","678.60K","2.52%"
"08/30/2009","10,187.11","10,608.16","10,767.00","10,143.26","653.80K","-3.29%"
"08/23/2009","10,534.14","10,389.57","10,668.74","10,388.78","650.47K","2.89%"
"08/16/2009","10,238.20","10,521.02","10,521.02","10,142.22","690.01K","-3.39%"
"08/09/2009","10,597.33","10,530.62","10,630.38","10,434.09","675.62K","1.78%"
"08/02/2009","10,412.09","10,355.23","10,479.19","10,249.04","758.94K","0.53%"
"07/26/2009","10,356.83","10,020.87","10,359.07","10,015.11","776.55K","4.15%"
"07/19/2009","9,944.55","9,512.52","9,950.04","9,508.92","682.38K","5.85%"
"07/12/2009","9,395.32","9,242.13","9,489.67","9,050.33","806.94K","1.16%"
"07/05/2009","9,287.28","9,738.49","9,771.76","9,265.24","700.22K","-5.39%"
"06/28/2009","9,816.07","9,866.28","10,086.18","9,691.16","730.30K","-0.62%"
"06/21/2009","9,877.39","9,788.07","9,893.00","9,511.45","785.51K","0.93%"
"06/14/2009","9,786.26","10,126.55","10,126.55","9,649.83","855.71K","-3.45%"
"06/07/2009","10,135.82","9,829.28","10,170.82","9,755.81","1.02M","3.77%"
"05/31/2009","9,768.01","9,517.49","9,793.47","9,491.26","834.91K","2.58%"
"05/24/2009","9,522.50","9,245.95","9,522.50","9,231.93","730.71K","3.22%"
"05/17/2009","9,225.81","9,167.05","9,399.40","8,997.74","726.00K","-0.42%"
"05/10/2009","9,265.02","9,460.72","9,503.91","9,052.41","936.60K","-1.78%"
"05/03/2009","9,432.83","9,102.35","9,464.43","9,100.11","459.20K","5.07%"
"04/26/2009","8,977.37","8,783.34","9,017.32","8,493.77","651.40K","3.09%"
"04/19/2009","8,707.99","8,899.59","8,933.80","8,612.76","936.60K","-2.24%"
"04/12/2009","8,907.58","8,930.35","9,030.00","8,681.03","864.80K","-0.63%"
"04/05/2009","8,964.11","8,856.84","9,068.80","8,556.75","912.80K","2.45%"
"03/29/2009","8,749.84","8,621.85","8,884.63","8,084.62","930.40K","1.42%"
"03/22/2009","8,626.97","7,943.14","8,843.18","7,922.55","828.40K","8.57%"
"03/15/2009","7,945.96","7,630.20","8,054.35","7,630.20","636.60K","4.98%"
"03/08/2009","7,569.28","7,191.13","7,571.45","7,021.28","791.80K","5.52%"
"03/01/2009","7,173.10","7,454.28","7,532.87","7,088.47","776.80K","-5.22%"
"02/22/2009","7,568.42","7,314.30","7,599.81","7,155.16","760.20K","2.05%"
"02/15/2009","7,416.38","7,732.68","7,804.24","7,382.33","659.80K","-4.67%"
"02/08/2009","7,779.40","8,178.07","8,257.71","7,685.68","574.60K","-3.68%"
"02/01/2009","8,076.62","7,908.51","8,169.04","7,795.27","814.80K","1.03%"
"01/25/2009","7,994.05","7,714.26","8,305.38","7,671.04","715.60K","3.21%"
"01/18/2009","7,745.25","8,318.26","8,351.68","7,745.25","640.00K","-5.89%"
"01/11/2009","8,230.15","8,732.63","8,732.93","7,997.73","567.40K","-6.87%"
"01/04/2009","8,836.80","8,991.21","9,325.35","8,773.20","732.40K","-0.26%"
"12/28/2008","8,859.56","8,726.31","8,859.56","8,638.60","144.00K","1.37%"
"12/21/2008","8,739.52","8,602.50","8,751.18","8,476.69","347.60K","1.76%"
"12/14/2008","8,588.52","8,349.85","8,743.22","8,349.85","686.60K","4.28%"
"12/07/2008","8,235.87","7,970.69","8,720.55","7,959.01","793.20K","4.02%"
"11/30/2008","7,917.51","8,464.36","8,464.36","7,849.84","651.60K","-6.99%"
"11/23/2008","8,512.27","8,026.06","8,518.13","8,025.69","535.80K","7.60%"
"11/16/2008","7,910.79","8,366.88","8,767.98","7,406.18","773.60K","-6.52%"
"11/09/2008","8,462.39","8,711.99","9,106.29","8,148.30","785.20K","-1.41%"
"11/02/2008","8,583.00","8,702.77","9,521.24","8,266.09","755.80K","0.07%"
"10/26/2008","8,576.98","7,568.36","9,030.85","6,994.90","1.13M","12.13%"
"10/19/2008","7,649.08","8,775.24","9,358.51","7,647.07","892.40K","-12.02%"
"10/12/2008","8,693.82","8,407.94","9,601.30","8,407.94","712.00K","5.04%"
"10/05/2008","8,276.43","10,817.27","10,839.50","8,115.41","1.06M","-24.33%"
"09/28/2008","10,938.14","11,883.25","12,062.67","10,938.14","760.60K","-8.03%"
"09/21/2008","11,893.16","12,037.89","12,263.95","11,788.73","548.00K","-0.23%"
"09/14/2008","11,920.86","12,028.45","12,028.45","11,301.46","689.60K","-2.41%"
"09/07/2008","12,214.76","12,359.93","12,671.76","12,059.09","736.00K","0.02%"
"08/31/2008","12,212.23","12,936.81","12,940.55","12,163.33","644.20K","-6.58%"
"08/24/2008","13,072.87","12,797.54","13,079.37","12,656.09","471.00K","3.21%"
"08/17/2008","12,666.04","12,971.49","13,270.37","12,631.94","520.60K","-2.71%"
"08/10/2008","13,019.41","13,259.46","13,468.81","12,926.98","575.40K","-1.13%"
"08/03/2008","13,168.41","13,083.28","13,295.51","12,893.34","741.40K","0.56%"
"07/27/2008","13,094.59","13,407.36","13,468.94","13,018.22","581.00K","-1.80%"
"07/20/2008","13,334.76","12,944.56","13,603.31","12,921.02","475.40K","4.15%"
"07/13/2008","12,803.70","13,022.29","13,185.90","12,671.34","589.20K","-1.81%"
"07/06/2008","13,039.69","13,212.80","13,409.30","12,918.22","618.20K","-1.50%"
"06/29/2008","13,237.89","13,584.51","13,598.48","13,118.89","653.20K","-2.26%"
"06/22/2008","13,544.36","13,769.44","13,950.56","13,453.35","583.60K","-2.85%"
"06/15/2008","13,942.08","14,118.23","14,469.99","13,903.21","602.00K","-0.23%"
"06/08/2008","13,973.73","14,275.34","14,308.89","13,810.38","737.40K","-3.56%"
"06/01/2008","14,489.44","14,342.96","14,601.27","14,127.75","624.00K","1.05%"
"05/25/2008","14,338.54","13,875.98","14,366.63","13,665.57","645.80K","2.33%"
"05/18/2008","14,012.20","14,294.52","14,343.19","13,658.02","759.40K","-1.46%"
"05/11/2008","14,219.48","13,565.91","14,392.53","13,540.68","679.00K","4.13%"
"05/04/2008","13,655.34","14,147.57","14,208.67","13,639.99","390.60K","-2.80%"
"04/27/2008","14,049.26","13,907.97","14,072.92","13,727.07","507.40K","1.34%"
"04/20/2008","13,863.47","13,639.85","13,886.37","13,449.04","573.60K","2.87%"
"04/13/2008","13,476.45","13,132.67","13,495.94","12,858.63","564.20K","1.15%"
"04/06/2008","13,323.73","13,240.56","13,485.90","12,898.49","628.60K","0.23%"
"03/30/2008","13,293.22","12,709.28","13,389.90","12,430.63","648.20K","3.69%"
"03/23/2008","12,820.47","12,473.06","12,874.45","12,438.20","582.80K","2.71%"
"03/16/2008","12,482.57","12,089.03","12,496.41","11,691.00","596.20K","1.97%"
"03/09/2008","12,241.60","12,716.84","13,071.22","12,167.09","829.80K","-4.23%"
"03/02/2008","12,782.80","13,412.87","13,413.63","12,744.52","688.20K","-6.03%"
"02/24/2008","13,603.02","13,612.31","14,105.47","13,533.25","658.20K","0.76%"
"02/17/2008","13,500.46","13,627.31","13,853.21","13,310.37","745.40K","-0.90%"
"02/10/2008","13,622.56","12,998.87","13,666.68","12,923.42","588.40K","4.65%"
"02/03/2008","13,017.24","13,642.60","13,889.24","12,972.55","782.20K","-3.56%"
"01/27/2008","13,497.16","13,482.84","13,648.39","13,087.91","760.00K","-0.97%"
"01/20/2008","13,629.16","13,701.43","13,704.65","12,572.68","898.00K","-1.67%"
"01/13/2008","13,861.29","14,134.91","14,224.00","13,365.32","752.20K","-1.77%"
"01/06/2008","14,110.79","14,549.38","14,667.85","14,096.54","747.60K","-3.95%"
"12/30/2007","14,691.41","15,155.73","15,156.66","14,542.58","98.80K","-4.03%"
"12/23/2007","15,307.78","15,441.33","15,653.54","15,240.96","338.80K","0.33%"
"12/16/2007","15,257.00","15,433.30","15,508.50","14,998.01","615.20K","-1.66%"
"12/09/2007","15,514.51","16,007.33","16,075.61","15,433.77","703.00K","-2.77%"
"12/02/2007","15,956.37","15,747.47","16,107.65","15,365.39","674.00K","1.76%"
"11/25/2007","15,680.67","14,921.57","15,751.20","14,801.87","740.40K","5.32%"
"11/18/2007","14,888.77","15,177.17","15,302.76","14,669.85","620.20K","-1.75%"
"11/11/2007","15,154.61","15,377.37","15,587.31","14,988.77","697.20K","-2.75%"
"11/04/2007","15,583.42","16,458.14","16,458.14","15,566.12","739.20K","-5.65%"
"10/28/2007","16,517.48","16,613.30","16,887.04","16,484.54","709.20K","0.07%"
"10/21/2007","16,505.63","16,563.57","16,578.59","16,199.02","543.40K","-1.84%"
"10/14/2007","16,814.37","17,399.67","17,430.09","16,711.57","587.40K","-2.98%"
"10/07/2007","17,331.17","17,166.17","17,488.97","17,133.52","466.40K","1.56%"
"09/30/2007","17,065.04","16,773.10","17,205.42","16,685.80","619.20K","1.66%"
"09/23/2007","16,785.69","16,317.19","16,929.26","16,240.26","460.20K","2.90%"
"09/16/2007","16,312.61","16,037.49","16,491.45","15,780.90","457.00K","1.15%"
"09/09/2007","16,127.42","15,906.52","16,142.08","15,610.65","612.00K","0.03%"
"09/02/2007","16,122.16","16,511.07","16,575.97","15,840.05","539.60K","-2.70%"
"08/26/2007","16,569.09","16,429.01","16,569.09","15,830.28","504.00K","1.97%"
"08/19/2007","16,248.97","15,477.26","16,333.36","15,477.26","606.60K","6.39%"
"08/12/2007","15,273.68","16,791.80","16,948.40","15,262.10","768.80K","-8.89%"
"08/05/2007","16,764.09","16,781.14","17,274.33","16,651.71","862.60K","-1.27%"
"07/29/2007","16,979.86","17,138.53","17,318.01","16,652.80","757.00K","-1.76%"
"07/22/2007","17,283.81","17,995.71","18,018.94","17,196.16","695.40K","-4.81%"
"07/15/2007","18,157.93","18,269.36","18,269.36","17,964.28","564.20K","-0.44%"
"07/08/2007","18,238.95","18,226.07","18,282.15","17,919.17","592.40K","0.54%"
"07/01/2007","18,140.94","18,139.04","18,295.27","18,062.49","483.20K","0.01%"
"06/24/2007","18,138.36","18,107.68","18,203.56","17,848.05","535.00K","-0.28%"
"06/17/2007","18,188.63","18,127.41","18,297.00","18,092.36","636.80K","1.21%"
"06/10/2007","17,971.49","17,899.02","18,007.99","17,591.93","586.60K","1.08%"
"06/03/2007","17,779.09","18,067.90","18,073.05","17,696.51","809.60K","-1.00%"
"05/27/2007","17,958.88","17,544.98","18,017.73","17,484.30","620.80K","2.73%"
"05/20/2007","17,481.21","17,455.55","17,802.71","17,370.18","611.00K","0.47%"
"05/13/2007","17,399.58","17,682.74","17,786.65","17,320.81","660.20K","-0.88%"
"05/06/2007","17,553.72","17,564.17","17,827.48","17,455.28","791.80K","0.91%"
"04/29/2007","17,394.92","17,396.30","17,441.10","17,203.03","233.60K","-0.03%"
"04/22/2007","17,400.41","17,589.61","17,656.55","17,221.55","638.60K","-0.30%"
"04/15/2007","17,452.62","17,507.18","17,782.08","17,219.73","623.20K","0.51%"
"04/08/2007","17,363.95","17,606.03","17,747.82","17,327.37","626.00K","-0.69%"
"04/01/2007","17,484.78","17,346.25","17,576.51","16,999.05","710.20K","1.14%"
"03/25/2007","17,287.65","17,517.92","17,558.04","17,036.22","630.40K","-1.10%"
"03/18/2007","17,480.61","16,713.99","17,534.77","16,713.99","535.00K","4.40%"
"03/11/2007","16,744.15","17,312.14","17,325.45","16,628.85","767.00K","-2.45%"
"03/04/2007","17,164.04","16,992.44","17,246.21","16,532.91","1.05M","-0.31%"
"02/25/2007","17,217.93","18,219.75","18,300.39","17,160.43","1.06M","-5.34%"
"02/18/2007","18,188.42","17,835.13","18,239.13","17,810.05","877.00K","1.75%"
"02/11/2007","17,875.65","17,481.77","17,911.58","17,440.43","623.80K","2.12%"
"02/04/2007","17,504.33","17,531.41","17,545.71","17,199.66","783.00K","-0.24%"
"01/28/2007","17,547.11","17,393.19","17,633.61","17,275.84","780.00K","0.72%"
"01/21/2007","17,421.93","17,429.90","17,617.64","17,300.84","772.40K","0.64%"
"01/14/2007","17,310.44","17,160.25","17,408.62","17,002.67","670.00K","1.49%"
"01/07/2007","17,057.01","17,018.89","17,261.03","16,758.46","537.20K","-0.20%"
"12/31/2006","17,091.59","17,322.50","17,379.46","17,011.10","238.80K","-0.78%"
"12/24/2006","17,225.83","17,104.80","17,301.69","17,056.59","476.20K","0.71%"
"12/17/2006","17,104.96","16,962.65","17,109.17","16,754.21","617.80K","1.13%"
"12/10/2006","16,914.31","16,487.30","16,959.91","16,470.40","542.40K","3.02%"
"12/03/2006","16,417.82","16,263.98","16,550.73","16,185.92","617.60K","0.59%"
"11/26/2006","16,321.78","15,615.56","16,376.30","15,615.56","555.00K","3.73%"
"11/19/2006","15,734.60","16,004.34","16,036.18","15,639.19","411.20K","-2.22%"
"11/12/2006","16,091.73","16,016.42","16,373.48","15,913.86","525.00K","-0.13%"
"11/05/2006","16,112.43","16,278.78","16,512.51","16,094.49","561.00K","-1.45%"
"10/29/2006","16,350.02","16,544.50","16,549.71","16,209.14","426.20K","-1.91%"
"10/22/2006","16,669.07","16,641.32","16,901.53","16,598.53","544.60K","0.10%"
"10/15/2006","16,651.63","16,663.22","16,732.44","16,466.74","450.20K","0.70%"
"10/08/2006","16,536.54","16,325.48","16,620.15","16,325.48","447.80K","0.61%"
"10/01/2006","16,436.06","16,169.00","16,481.31","16,028.32","541.20K","1.91%"
"09/24/2006","16,127.58","15,550.56","16,127.58","15,513.87","442.60K","3.15%"
"09/17/2006","15,634.67","15,948.47","16,096.18","15,580.19","386.00K","-1.46%"
"09/10/2006","15,866.93","16,053.13","16,053.13","15,675.37","510.80K","-1.33%"
"09/03/2006","16,080.46","16,280.18","16,414.94","15,831.75","623.00K","-0.33%"
"08/27/2006","16,134.25","15,953.08","16,207.41","15,745.01","473.40K","1.23%"
"08/20/2006","15,938.66","16,104.50","16,244.84","15,874.63","458.80K","-1.04%"
"08/13/2006","16,105.98","15,550.96","16,204.60","15,549.67","571.60K","3.48%"
"08/06/2006","15,565.02","15,494.47","15,690.86","15,154.06","510.00K","0.42%"
"07/30/2006","15,499.18","15,462.39","15,580.91","15,287.81","474.20K","1.02%"
"07/23/2006","15,342.87","14,700.58","15,351.79","14,560.67","515.00K","3.52%"
"07/16/2006","14,821.26","14,714.18","14,962.13","14,437.24","442.40K","-0.16%"
"07/09/2006","14,845.24","15,149.91","15,555.43","14,815.90","550.60K","-3.02%"
"07/02/2006","15,307.61","15,573.35","15,710.39","15,276.15","468.20K","-1.27%"
"06/25/2006","15,505.18","15,080.23","15,521.22","14,824.80","480.00K","2.52%"
"06/18/2006","15,124.04","14,815.86","15,138.47","14,482.96","480.40K","1.64%"
"06/11/2006","14,879.34","14,685.46","14,976.67","14,045.53","623.40K","0.87%"
"06/04/2006","14,750.84","15,719.31","15,784.95","14,389.31","698.60K","-6.58%"
"05/28/2006","15,789.31","16,111.54","16,111.54","15,266.97","541.40K","-1.14%"
"05/21/2006","15,970.76","16,254.56","16,268.51","15,508.51","606.40K","-1.14%"
"05/14/2006","16,155.45","16,395.88","16,596.48","15,914.39","658.00K","-2.69%"
"05/07/2006","16,601.78","17,334.19","17,375.25","16,422.49","607.00K","-3.22%"
"04/30/2006","17,153.77","16,929.83","17,188.54","16,868.69","168.80K","1.46%"
"04/23/2006","16,906.23","17,245.62","17,245.62","16,750.50","535.20K","-2.86%"
"04/16/2006","17,403.96","17,233.73","17,479.73","16,945.30","486.40K","0.99%"
"04/09/2006","17,233.82","17,455.03","17,489.61","17,068.96","523.80K","-1.88%"
"04/02/2006","17,563.37","17,127.61","17,563.37","17,105.50","600.20K","2.95%"
"03/26/2006","17,059.66","16,599.92","17,125.64","16,463.95","538.20K","3.01%"
"03/19/2006","16,560.87","16,299.35","16,667.13","16,299.35","404.60K","1.35%"
"03/12/2006","16,339.73","16,264.59","16,410.29","16,032.55","467.00K","1.39%"
"03/05/2006","16,115.63","15,668.63","16,264.89","15,553.14","610.80K","2.89%"
"02/26/2006","15,663.34","16,156.15","16,290.15","15,658.64","675.60K","-2.72%"
"02/19/2006","16,101.91","15,620.58","16,118.11","15,389.58","645.40K","2.47%"
"02/12/2006","15,713.45","16,191.93","16,312.74","15,691.86","654.00K","-3.35%"
"02/05/2006","16,257.83","16,736.23","16,777.37","16,090.93","717.00K","-2.41%"
"01/29/2006","16,659.64","16,615.91","16,754.60","16,480.09","790.60K","1.21%"
"01/22/2006","16,460.68","15,497.61","16,460.68","15,312.71","622.40K","4.87%"
"01/15/2006","15,696.69","16,360.04","16,387.63","15,059.52","714.60K","-4.61%"
"01/08/2006","16,454.95","16,487.05","16,490.27","16,005.24","568.00K","0.16%"
"01/01/2006","16,428.21","16,294.65","16,479.55","16,250.76","429.20K","1.97%"
"12/25/2005","16,111.43","16,027.66","16,445.56","15,911.23","420.00K","1.07%"
"12/18/2005","15,941.37","15,252.15","16,010.17","15,196.00","517.00K","5.06%"
"12/11/2005","15,173.07","15,549.65","15,885.52","15,095.56","953.20K","-1.50%"
"12/04/2005","15,404.05","15,413.52","15,572.72","15,117.15","986.60K","-0.11%"
"11/27/2005","15,421.60","14,847.58","15,421.60","14,821.75","761.20K","4.31%"
"11/20/2005","14,784.29","14,719.28","14,866.99","14,590.56","557.80K","1.10%"
"11/13/2005","14,623.12","14,218.72","14,633.35","14,015.62","829.40K","3.31%"
"11/06/2005","14,155.06","14,084.11","14,206.14","13,951.40","1.10M","0.56%"
"10/30/2005","14,075.96","13,459.99","14,099.49","13,456.07","760.60K","5.47%"
"10/23/2005","13,346.54","13,232.41","13,501.24","13,083.04","732.60K","1.11%"
"10/16/2005","13,199.95","13,486.18","13,510.63","12,996.29","799.40K","-1.64%"
"10/09/2005","13,420.54","13,280.33","13,704.09","13,241.84","643.80K","1.46%"
"10/02/2005","13,227.74","13,566.20","13,783.60","13,221.33","929.40K","-2.55%"
"09/25/2005","13,574.30","13,229.27","13,678.44","13,229.27","1.10M","3.15%"
"09/18/2005","13,159.36","12,991.63","13,235.42","12,991.63","593.60K","1.55%"
"09/11/2005","12,958.68","12,841.02","12,992.99","12,806.71","699.80K","2.10%"
"09/04/2005","12,692.04","12,616.30","12,730.21","12,498.40","674.40K","0.73%"
"08/28/2005","12,600.00","12,386.76","12,600.00","12,274.81","475.60K","1.29%"
"08/21/2005","12,439.48","12,330.70","12,612.16","12,330.70","535.60K","1.20%"
"08/14/2005","12,291.73","12,254.53","12,369.74","12,219.52","546.00K","0.25%"
"08/07/2005","12,261.68","11,670.71","12,324.43","11,614.71","541.60K","4.21%"
"07/31/2005","11,766.48","11,907.42","12,009.56","11,724.61","446.80K","-1.12%"
"07/24/2005","11,899.60","11,721.70","11,913.50","11,718.66","373.80K","1.75%"
"07/17/2005","11,695.05","11,761.61","11,867.23","11,650.37","306.40K","-0.54%"
"07/10/2005","11,758.68","11,676.97","11,828.31","11,659.65","326.00K","1.67%"
"07/03/2005","11,565.99","11,664.22","11,676.20","11,563.84","354.00K","-0.55%"
"06/26/2005","11,630.13","11,445.64","11,663.66","11,378.99","266.60K","0.81%"
"06/19/2005","11,537.03","11,539.18","11,576.75","11,445.43","334.80K","0.20%"
"06/12/2005","11,514.03","11,308.65","11,514.03","11,299.78","394.80K","1.86%"
"06/05/2005","11,304.23","11,232.65","11,331.37","11,148.36","405.40K","0.04%"
"05/29/2005","11,300.05","11,201.32","11,374.69","11,197.79","384.80K","0.96%"
"05/22/2005","11,192.33","11,073.01","11,199.23","10,978.85","374.00K","1.40%"
"05/15/2005","11,037.29","11,045.29","11,110.45","10,788.59","390.40K","-0.11%"
"05/08/2005","11,049.11","11,199.10","11,211.36","11,017.79","387.60K","-1.28%"
"05/01/2005","11,192.17","10,954.21","11,192.17","10,913.97","135.20K","1.66%"
"04/24/2005","11,008.90","11,064.95","11,114.45","10,892.71","311.60K","-0.34%"
"04/17/2005","11,045.95","11,223.65","11,223.65","10,770.58","500.80K","-2.86%"
"04/10/2005","11,370.69","11,847.92","11,847.92","11,343.73","377.00K","-4.24%"
"04/03/2005","11,874.75","11,666.31","11,911.90","11,652.66","406.20K","1.29%"
"03/27/2005","11,723.63","11,709.79","11,816.72","11,506.85","388.00K","-0.32%"
"03/20/2005","11,761.10","11,867.34","11,889.13","11,681.16","338.20K","-1.00%"
"03/13/2005","11,879.81","11,947.29","11,955.29","11,754.98","410.60K","-0.37%"
"03/06/2005","11,923.89","11,935.80","11,975.46","11,838.02","573.20K","0.43%"
"02/27/2005","11,873.05","11,742.01","11,881.98","11,704.32","494.60K","1.84%"
"02/20/2005","11,658.25","11,682.19","11,690.49","11,452.42","354.60K","-0.02%"
"02/13/2005","11,660.12","11,644.40","11,684.91","11,562.93","417.00K","0.92%"
"02/06/2005","11,553.56","11,393.04","11,553.73","11,381.78","401.40K","1.70%"
"01/30/2005","11,360.40","11,296.99","11,467.50","11,266.09","487.80K","0.35%"
"01/23/2005","11,320.58","11,213.03","11,390.09","11,212.63","438.80K","0.73%"
"01/16/2005","11,238.37","11,475.20","11,535.86","11,222.24","457.40K","-1.75%"
"01/09/2005","11,438.39","11,495.46","11,580.69","11,320.49","353.60K","0.05%"
"01/02/2005","11,433.24","11,458.27","11,547.02","11,372.21","277.80K","-0.48%"
"12/26/2004","11,488.76","11,374.52","11,500.95","11,314.40","201.00K","1.08%"
"12/19/2004","11,365.48","11,073.55","11,369.98","11,036.80","278.40K","2.59%"
"12/12/2004","11,078.32","10,825.06","11,130.82","10,785.59","331.00K","2.99%"
"12/05/2004","10,756.80","11,021.16","11,026.86","10,730.38","419.60K","-2.87%"
"11/28/2004","11,074.89","10,844.36","11,107.10","10,721.59","349.80K","2.23%"
"11/21/2004","10,833.75","10,956.41","10,956.41","10,769.52","257.00K","-2.25%"
"11/14/2004","11,082.84","11,079.17","11,268.81","11,062.73","368.20K","0.57%"
"11/07/2004","11,019.98","11,095.50","11,096.45","10,841.43","334.40K","-0.38%"
"10/31/2004","11,061.77","10,731.02","11,089.60","10,690.95","299.20K","2.70%"
"10/24/2004","10,771.42","10,718.93","10,895.09","10,575.23","387.80K","-0.79%"
"10/17/2004","10,857.13","11,022.11","11,106.82","10,753.07","369.80K","-1.15%"
"10/10/2004","10,982.95","11,295.05","11,320.79","10,913.21","320.60K","-3.23%"
"10/03/2004","11,349.35","11,111.45","11,410.40","11,105.00","426.20K","3.32%"
"09/26/2004","10,985.17","10,863.35","10,987.18","10,737.78","347.40K","0.83%"
"09/19/2004","10,895.16","11,148.21","11,151.11","10,826.40","227.20K","-1.69%"
"09/12/2004","11,082.49","11,139.97","11,352.42","11,046.10","427.00K","-0.01%"
"09/05/2004","11,083.23","11,086.69","11,357.85","10,960.03","459.20K","0.55%"
"08/29/2004","11,022.49","11,181.30","11,226.30","11,013.36","330.20K","-1.67%"
"08/22/2004","11,209.59","10,961.91","11,225.95","10,897.11","370.60K","2.94%"
"08/15/2004","10,889.14","10,728.98","10,938.94","10,545.89","294.40K","1.23%"
"08/08/2004","10,757.20","10,827.60","11,091.64","10,737.42","323.80K","-1.96%"
"08/01/2004","10,972.57","11,274.45","11,279.71","10,888.78","365.40K","-3.12%"
"07/25/2004","11,325.78","11,099.87","11,325.99","11,018.79","328.20K","1.24%"
"07/18/2004","11,187.33","11,318.14","11,433.86","11,170.54","238.00K","-2.17%"
"07/11/2004","11,436.00","11,532.64","11,664.00","11,243.28","375.00K","0.11%"
"07/04/2004","11,423.53","11,622.85","11,648.85","11,251.35","309.40K","-2.54%"
"06/27/2004","11,721.49","11,801.88","11,988.12","11,693.00","341.20K","-0.50%"
"06/20/2004","11,780.40","11,474.39","11,780.40","11,472.08","384.20K","3.50%"
"06/13/2004","11,382.08","11,495.80","11,673.48","11,310.16","342.00K","-1.26%"
"06/06/2004","11,526.82","11,212.64","11,637.73","11,212.64","448.00K","3.58%"
"05/30/2004","11,128.05","11,288.79","11,358.51","10,963.56","387.80K","-1.61%"
"05/23/2004","11,309.57","11,094.71","11,345.40","10,927.44","388.40K","2.16%"
"05/16/2004","11,070.25","10,790.79","11,076.43","10,489.84","472.20K","2.03%"
"05/09/2004","10,849.63","11,384.03","11,392.79","10,739.49","564.40K","-5.15%"
"05/02/2004","11,438.82","11,777.44","11,785.26","11,438.82","195.20K","-2.75%"
"04/25/2004","11,761.79","12,135.31","12,195.66","11,652.17","424.60K","-2.96%"
"04/18/2004","12,120.66","11,854.64","12,120.66","11,623.65","557.60K","2.50%"
"04/11/2004","11,824.56","11,926.48","12,189.98","11,690.24","676.80K","-0.61%"
"04/04/2004","11,897.51","11,949.31","12,119.31","11,862.34","582.60K","0.69%"
"03/28/2004","11,815.95","11,775.46","11,869.00","11,592.83","414.60K","0.38%"
"03/21/2004","11,770.65","11,332.24","11,782.18","11,071.66","521.60K","3.08%"
"03/14/2004","11,418.51","11,284.35","11,647.71","11,236.35","483.40K","2.29%"
"03/07/2004","11,162.75","11,578.02","11,643.37","11,045.94","605.40K","-3.25%"
"02/29/2004","11,537.29","11,112.68","11,537.29","11,096.68","593.00K","4.49%"
"02/22/2004","11,041.92","10,745.05","11,069.28","10,617.86","322.40K","3.00%"
"02/15/2004","10,720.69","10,566.02","10,813.06","10,529.26","334.60K","1.54%"
"02/08/2004","10,557.69","10,533.40","10,595.94","10,299.43","269.00K","0.93%"
"02/01/2004","10,460.92","10,784.93","10,861.97","10,374.90","355.80K","-2.99%"
"01/25/2004","10,783.61","11,004.44","11,075.30","10,666.55","332.40K","-2.58%"
"01/18/2004","11,069.01","10,937.46","11,193.64","10,916.99","414.80K","1.95%"
"01/11/2004","10,857.20","10,965.61","10,965.61","10,665.15","327.80K","-0.98%"
"01/04/2004","10,965.05","10,787.83","11,008.56","10,710.30","361.00K","2.70%"
"12/28/2003","10,676.64","10,454.69","10,681.28","10,454.69","91.60K","2.49%"
"12/21/2003","10,417.41","10,248.81","10,417.41","10,248.62","209.00K","1.29%"
"12/14/2003","10,284.54","10,308.34","10,490.77","10,058.34","316.00K","1.13%"
"12/07/2003","10,169.66","10,281.25","10,293.74","9,859.00","337.40K","-1.96%"
"11/30/2003","10,373.46","10,006.13","10,552.35","9,911.92","319.80K","2.70%"
"11/23/2003","10,100.57","9,976.13","10,173.60","9,959.51","221.80K","2.51%"
"11/16/2003","9,852.83","10,077.88","10,077.88","9,614.60","370.80K","-3.09%"
"11/09/2003","10,167.06","10,592.35","10,617.98","10,112.10","367.60K","-4.35%"
"11/02/2003","10,628.98","10,693.66","10,869.35","10,479.25","312.60K","0.66%"
"10/26/2003","10,559.59","10,360.86","10,791.75","10,349.76","341.00K","2.17%"
"10/19/2003","10,335.70","10,988.48","11,238.63","10,186.77","475.00K","-6.36%"
"10/12/2003","11,037.89","10,873.30","11,112.29","10,831.76","414.40K","2.33%"
"10/05/2003","10,786.04","10,813.56","10,905.19","10,485.60","418.00K","0.72%"
"09/28/2003","10,709.29","10,303.26","10,726.92","10,148.36","431.20K","3.79%"
"09/21/2003","10,318.44","10,858.09","10,858.09","10,213.75","395.40K","-5.67%"
"09/14/2003","10,938.42","10,786.33","11,160.19","10,758.33","411.80K","2.11%"
"09/07/2003","10,712.81","10,584.36","10,938.30","10,540.28","442.20K","0.58%"
"08/31/2003","10,650.77","10,399.53","10,813.59","10,381.98","461.80K","2.97%"
"08/24/2003","10,343.55","10,264.61","10,415.53","10,171.17","421.20K","0.61%"
"08/17/2003","10,281.17","9,933.55","10,378.13","9,933.55","509.40K","4.23%"
"08/10/2003","9,863.47","9,349.05","10,038.09","9,332.47","379.00K","5.75%"
"08/03/2003","9,327.53","9,538.94","9,538.94","9,224.05","345.60K","-2.96%"
"07/27/2003","9,611.67","9,750.20","9,932.18","9,507.39","377.20K","-0.38%"
"07/20/2003","9,648.01","9,501.59","9,718.38","9,406.49","288.60K","1.26%"
"07/13/2003","9,527.73","9,713.96","9,909.65","9,460.28","350.60K","-1.12%"
"07/06/2003","9,635.35","9,589.19","10,070.11","9,589.19","500.40K","0.92%"
"06/29/2003","9,547.73","9,119.59","9,896.64","9,076.62","555.20K","4.87%"
"06/22/2003","9,104.06","9,112.56","9,172.53","8,846.75","403.80K","-0.18%"
"06/15/2003","9,120.39","8,923.79","9,188.95","8,809.47","357.00K","1.56%"
"06/08/2003","8,980.64","8,790.03","9,020.89","8,716.62","467.00K","2.22%"
"06/01/2003","8,785.87","8,490.22","8,814.04","8,488.89","391.80K","4.29%"
"05/25/2003","8,424.51","8,192.12","8,461.73","8,106.90","281.80K","2.93%"
"05/18/2003","8,184.76","8,091.39","8,219.87","7,962.37","307.40K","0.83%"
"05/11/2003","8,117.29","8,193.73","8,339.07","8,080.53","298.80K","-0.43%"
"05/04/2003","8,152.16","7,995.49","8,156.00","7,995.49","237.60K","3.10%"
"04/27/2003","7,907.19","7,679.11","7,907.19","7,603.76","218.40K","2.70%"
"04/20/2003","7,699.50","7,889.42","7,996.54","7,660.62","252.80K","-2.22%"
"04/13/2003","7,874.51","7,830.94","7,934.69","7,693.46","284.80K","0.74%"
"04/06/2003","7,816.49","8,123.94","8,249.98","7,807.99","275.80K","-3.19%"
"03/30/2003","8,074.12","8,240.10","8,240.10","7,866.67","256.40K","-2.49%"
"03/23/2003","8,280.16","8,300.32","8,451.05","8,231.95","233.20K","1.04%"
"03/16/2003","8,195.05","8,010.39","8,287.09","7,824.82","200.20K","2.40%"
"03/09/2003","8,002.69","8,097.27","8,112.87","7,862.43","3.17B","-1.74%"
"03/02/2003","8,144.12","8,397.15","8,509.43","8,144.12","2.66B","-2.62%"
"02/23/2003","8,363.04","8,503.98","8,606.58","8,266.97","2.28B","-1.77%"
"02/16/2003","8,513.54","8,765.69","8,821.31","8,506.83","2.68B","-2.16%"
"02/09/2003","8,701.92","8,427.30","8,771.63","8,427.30","2.29B","3.00%"
"02/02/2003","8,448.16","8,285.55","8,595.23","8,253.76","2.52B","1.30%"
"01/26/2003","8,339.94","8,656.50","8,690.13","8,237.03","2.67B","-4.49%"
"01/19/2003","8,731.65","8,639.04","8,825.67","8,495.00","3.55B","0.48%"
"01/12/2003","8,690.25","8,512.82","8,732.85","8,451.70","2.30B","2.59%"
"01/05/2003","8,470.45","8,669.89","8,829.06","8,378.18","1.98B","-1.26%"
"12/29/2002","8,578.95","8,617.65","8,617.65","8,543.70","168.06M","-1.55%"
"12/22/2002","8,714.05","8,434.26","8,714.05","8,389.49","1.46B","3.65%"
"12/15/2002","8,406.88","8,499.09","8,583.68","8,256.52","2.32B","-1.28%"
"12/08/2002","8,516.07","8,836.68","8,942.21","8,496.29","2.64B","-3.92%"
"12/01/2002","8,863.26","9,208.61","9,320.11","8,805.04","2.52B","-3.82%"
"11/24/2002","9,215.56","8,818.40","9,294.10","8,749.88","2.96B","5.05%"
"11/17/2002","8,772.56","8,477.66","8,819.60","8,246.53","3.30B","3.16%"
"11/10/2002","8,503.59","8,619.74","8,619.74","8,303.39","2.47B","-2.15%"
"11/03/2002","8,690.77","8,790.66","9,100.68","8,657.18","2.04B","0.06%"
"10/27/2002","8,685.72","8,680.06","8,842.78","8,557.93","2.10B","-0.46%"
"10/20/2002","8,726.29","9,108.51","9,116.52","8,499.49","2.17B","-3.96%"
"10/13/2002","9,086.13","8,641.66","9,134.80","8,641.66","1.79B","6.52%"
"10/06/2002","8,529.61","8,920.74","8,920.74","8,197.22","2.88B","-5.52%"
"09/29/2002","9,027.55","9,421.25","9,470.71","8,860.65","2.46B","-5.28%"
"09/22/2002","9,530.44","9,396.42","9,572.37","9,106.45","1.98B","0.52%"
"09/15/2002","9,481.08","9,349.38","9,884.60","9,257.86","2.34B","2.59%"
"09/08/2002","9,241.93","9,221.50","9,455.85","9,156.79","2.79B","1.24%"
"09/01/2002","9,129.07","9,564.90","9,565.08","8,969.26","2.49B","-5.10%"
"08/25/2002","9,619.30","9,811.84","10,162.30","9,524.78","2.04B","-2.51%"
"08/18/2002","9,867.45","9,773.38","9,979.88","9,499.51","2.29B","0.81%"
"08/11/2002","9,788.13","9,931.82","9,931.82","9,618.87","1.78B","-2.12%"
"08/04/2002","9,999.79","9,637.31","10,043.30","9,439.41","2.73B","2.99%"
"07/28/2002","9,709.66","9,654.13","10,013.99","9,633.83","2.56B","1.24%"
"07/21/2002","9,591.03","10,076.30","10,295.71","9,547.85","2.57B","-5.99%"
"07/14/2002","10,202.36","10,548.21","10,548.21","10,113.61","2.36B","-3.76%"
"07/07/2002","10,601.45","10,969.21","11,050.69","10,457.07","2.47B","-2.07%"
"06/30/2002","10,826.09","10,655.00","10,885.83","10,371.26","2.48B","1.92%"
"06/23/2002","10,621.84","10,255.99","10,621.84","10,060.72","2.48B","2.58%"
"06/16/2002","10,354.35","10,858.05","10,888.04","10,325.55","2.69B","-5.19%"
"06/09/2002","10,920.63","11,470.92","11,522.04","10,911.07","2.80B","-4.53%"
"06/02/2002","11,438.53","11,804.04","11,905.16","11,365.61","","-2.76%"
"05/26/2002","11,763.70","11,975.33","12,081.43","11,680.58","","-1.78%"
"05/19/2002","11,976.28","11,887.80","12,023.42","11,765.21","","1.09%"
"05/12/2002","11,847.32","11,473.93","11,926.90","11,309.48","","2.74%"
"05/05/2002","11,531.11","11,500.13","11,727.52","11,250.86","","-0.17%"
"04/28/2002","11,551.01","11,532.57","11,609.69","11,440.66","","0.08%"
"04/21/2002","11,541.39","11,555.08","11,812.99","11,464.59","","0.26%"
"04/14/2002","11,512.01","11,013.67","11,635.98","10,941.81","","5.01%"
"04/07/2002","10,962.98","11,321.28","11,430.03","10,896.12","","-3.29%"
"03/31/2002","11,335.49","11,106.07","11,537.13","11,007.63","","2.82%"
"03/24/2002","11,024.94","11,339.06","11,524.23","11,024.94","","-2.82%"
"03/17/2002","11,345.08","11,745.81","11,833.97","11,326.22","","-2.60%"
"03/10/2002","11,648.01","11,941.92","12,034.04","11,347.25","","-2.00%"
"03/03/2002","11,885.79","10,942.50","12,010.25","10,941.36","","9.93%"
"02/24/2002","10,812.00","10,394.73","10,813.45","10,183.52","","4.40%"
"02/17/2002","10,356.78","10,021.55","10,418.64","9,773.95","","3.07%"
"02/10/2002","10,048.10","9,816.96","10,235.38","9,816.96","","3.74%"
"02/03/2002","9,686.06","9,808.82","9,808.82","9,420.85","","-1.08%"
"01/27/2002","9,791.43","10,190.28","10,303.74","9,735.05","","-3.48%"
"01/20/2002","10,144.14","10,252.43","10,393.56","10,012.80","","-1.45%"
"01/13/2002","10,293.32","10,359.44","10,359.44","10,074.45","","-1.42%"
"01/06/2002","10,441.59","10,803.45","10,979.92","10,441.59","","-3.95%"
"12/30/2001","10,871.49","10,631.00","10,871.49","10,617.08","","3.12%"
"12/23/2001","10,542.62","10,359.22","10,571.75","10,170.90","","2.00%"
"12/16/2001","10,335.45","10,482.40","10,582.07","10,253.72","","-1.68%"
"12/09/2001","10,511.65","10,736.12","10,821.13","10,379.59","","-2.64%"
"12/02/2001","10,796.89","10,694.65","11,052.51","10,326.52","","0.93%"
"11/25/2001","10,697.44","10,797.12","11,186.75","10,512.66","","0.01%"
"11/18/2001","10,696.82","10,643.33","10,849.19","10,490.60","","0.45%"
"11/11/2001","10,649.09","10,225.59","10,850.48","9,955.09","","4.24%"
"11/04/2001","10,215.71","10,427.35","10,633.72","10,213.01","","-1.62%"
"10/28/2001","10,383.78","10,779.19","10,798.08","10,318.17","","-3.81%"
"10/21/2001","10,795.16","10,685.35","11,052.01","10,649.59","","2.43%"
"10/14/2001","10,538.79","10,545.25","10,790.03","10,412.25","","-0.88%"
"10/07/2001","10,632.35","10,143.39","10,632.35","9,934.00","","4.18%"
"09/30/2001","10,205.87","9,766.75","10,261.86","9,604.09","","4.41%"
"09/23/2001","9,774.68","9,637.60","9,933.69","9,551.73","","2.30%"
"09/16/2001","9,554.99","9,881.06","10,061.10","9,382.95","","-4.53%"
"09/09/2001","10,008.89","10,395.10","10,457.09","9,476.87","","-4.83%"
"09/02/2001","10,516.79","10,729.60","10,812.89","10,325.83","","-1.84%"
"08/26/2001","10,713.51","11,273.96","11,366.18","10,684.16","","-4.06%"
"08/19/2001","11,166.31","11,347.24","11,504.06","11,075.42","","-2.44%"
"08/12/2001","11,445.54","11,697.12","11,936.75","11,412.36","","-2.47%"
"08/05/2001","11,735.06","12,170.11","12,388.61","11,683.22","","-4.14%"
"07/29/2001","12,241.97","11,846.00","12,407.37","11,539.16","","3.76%"
"07/22/2001","11,798.08","11,902.23","12,054.30","11,531.68","","-0.93%"
"07/15/2001","11,908.39","12,408.39","12,408.39","11,847.73","","-3.62%"
"07/08/2001","12,355.15","12,191.31","12,444.56","12,005.11","","0.40%"
"07/01/2001","12,306.08","12,929.66","12,929.66","12,289.61","","-5.11%"
"06/24/2001","12,969.05","13,052.96","13,073.49","12,567.26","","-0.58%"
"06/17/2001","13,044.61","12,766.38","13,079.11","12,511.66","","1.99%"
"06/10/2001","12,790.38","13,413.10","13,447.39","12,578.78","","-4.76%"
"06/03/2001","13,430.22","13,294.21","13,510.70","12,984.07","","1.27%"
"05/27/2001","13,261.84","13,732.10","13,836.40","13,216.57","","-3.66%"
"05/20/2001","13,765.92","13,938.78","14,345.42","13,758.66","","-0.81%"
"05/13/2001","13,877.77","14,041.79","14,103.06","13,694.27","","-1.18%"
"05/06/2001","14,043.92","14,384.14","14,556.11","13,957.81","","-2.62%"
"04/29/2001","14,421.64","14,096.32","14,444.84","14,096.32","","3.50%"
"04/22/2001","13,934.32","13,837.19","14,084.55","13,403.27","","1.23%"
"04/15/2001","13,765.67","13,338.92","14,099.49","13,019.60","","2.84%"
"04/08/2001","13,385.72","13,304.36","13,578.64","12,579.56","","0.01%"
"04/01/2001","13,383.76","13,057.65","13,674.58","12,781.34","","2.95%"
"03/25/2001","12,999.70","13,309.72","13,867.58","12,992.45","","-1.63%"
"03/18/2001","13,214.54","12,183.98","13,242.72","12,100.97","","8.02%"
"03/11/2001","12,232.98","12,509.67","12,509.67","11,433.88","","-3.13%"
"03/04/2001","12,627.90","12,285.46","12,824.19","12,133.90","","2.99%"
"02/25/2001","12,261.80","13,255.29","13,315.86","12,261.80","","-7.43%"
"02/18/2001","13,246.00","13,060.20","13,272.81","12,861.33","","0.54%"
"02/11/2001","13,175.49","13,431.72","13,461.11","13,119.34","","-1.84%"
"02/04/2001","13,422.83","13,588.64","13,588.64","12,966.83","","-2.05%"
"01/28/2001","13,703.63","13,724.26","13,910.71","13,667.93","","0.06%"
"01/21/2001","13,696.06","14,010.07","14,060.23","13,626.05","","-2.09%"
"01/14/2001","13,989.12","13,450.28","14,186.62","13,441.52","","4.81%"
"01/07/2001","13,347.74","13,732.85","13,732.85","13,123.81","","-3.75%"
"12/31/2000","13,867.61","13,898.09","13,990.57","13,667.68","","0.59%"
"12/24/2000","13,785.69","13,878.52","14,019.73","13,781.12","","2.67%"
"12/17/2000","13,427.08","14,462.35","14,566.21","13,182.51","","-7.73%"
"12/10/2000","14,552.29","14,775.93","15,273.40","14,552.29","","-0.98%"
"12/03/2000","14,696.51","14,922.67","15,109.64","14,622.83","","-0.94%"
"11/26/2000","14,835.33","14,422.25","14,984.37","14,385.16","","3.63%"
"11/19/2000","14,315.35","14,510.39","14,577.73","14,172.64","","-1.57%"
"11/12/2000","14,544.30","14,824.71","14,958.33","14,420.36","","-2.96%"
"11/05/2000","14,988.54","14,904.29","15,602.39","14,873.52","","1.02%"
"10/29/2000","14,837.78","14,607.02","14,961.69","14,333.16","","1.75%"
"10/22/2000","14,582.20","15,197.93","15,229.46","14,577.20","","-4.06%"
"10/15/2000","15,198.73","15,366.81","15,688.17","14,707.88","","-0.86%"
"10/08/2000","15,330.31","15,958.12","15,958.12","15,101.64","","-4.15%"
"10/01/2000","15,994.24","15,735.71","16,192.78","15,514.04","","1.57%"
"09/24/2000","15,747.26","15,850.56","16,144.19","15,621.88","","-0.45%"
"09/17/2000","15,818.25","16,174.92","16,523.27","15,774.72","","-2.44%"
"09/10/2000","16,213.28","16,467.69","16,477.53","15,885.32","","-1.75%"
"09/03/2000","16,501.55","16,764.33","16,883.31","16,239.26","","-1.42%"
"08/27/2000","16,739.78","16,895.55","17,210.80","16,700.36","","-1.01%"
"08/20/2000","16,911.33","16,249.94","16,926.22","15,945.92","","3.87%"
"08/13/2000","16,280.49","16,109.95","16,409.13","16,055.07","","1.01%"
"08/06/2000","16,117.50","15,666.81","16,125.66","15,666.81","","2.87%"
"07/30/2000","15,667.36","15,821.31","16,211.55","15,394.71","","-1.08%"
"07/23/2000","15,838.57","16,767.20","16,767.20","15,815.53","","-5.79%"
"07/16/2000","16,811.49","17,188.98","17,476.86","16,703.01","","-1.93%"
"07/09/2000","17,142.90","17,421.56","17,594.66","17,009.65","","-1.47%"
"07/02/2000","17,398.24","17,451.65","17,661.11","17,154.58","","-0.07%"
"06/25/2000","17,411.05","16,927.27","17,511.32","16,761.59","","2.64%"
"06/18/2000","16,963.21","16,382.11","17,364.26","16,359.96","","3.95%"
"06/11/2000","16,318.31","16,876.68","17,018.64","16,289.92","","-3.22%"
"06/04/2000","16,861.91","16,842.04","17,261.87","16,785.77","","0.37%"
"05/28/2000","16,800.06","16,028.76","16,941.42","16,028.76","","4.95%"
"05/21/2000","16,008.14","16,802.66","16,802.66","15,870.25","","-5.04%"
"05/14/2000","16,858.17","17,396.45","17,691.39","16,572.05","","-2.88%"
"05/07/2000","17,357.86","18,465.71","18,475.45","16,779.42","","-5.87%"
"04/30/2000","18,439.36","17,979.25","18,586.16","17,979.25","","2.59%"
"04/23/2000","17,973.70","18,247.48","18,987.34","17,926.43","","-1.53%"
"04/16/2000","18,252.68","20,341.50","20,341.50","18,091.10","","-10.68%"
"04/09/2000","20,434.68","20,368.81","20,833.21","20,330.89","","0.90%"
"04/02/2000","20,252.81","20,327.79","20,747.82","20,171.62","","-0.42%"
"03/26/2000","20,337.32","19,976.14","20,809.79","19,880.11","","1.90%"
"03/19/2000","19,958.08","19,598.53","20,012.41","19,455.11","","2.00%"
"03/12/2000","19,566.32","19,731.50","19,760.35","18,765.88","","-0.93%"
"03/05/2000","19,750.40","20,041.48","20,160.03","19,614.82","","-0.89%"
"02/27/2000","19,927.54","19,783.44","20,202.96","19,713.86","","0.55%"
"02/20/2000","19,817.88","19,736.15","19,817.88","19,353.40","","0.15%"
"02/13/2000","19,789.03","19,698.57","19,862.94","19,300.14","","0.40%"
"02/06/2000","19,710.02","19,832.76","20,046.14","19,710.02","","-0.27%"
"01/30/2000","19,763.13","19,375.11","20,011.91","19,224.47","","1.69%"
"01/23/2000","19,434.78","18,878.46","19,595.83","18,815.37","","2.95%"